name,node1,node1_x,node1_y,node1_z_start,node1_z_end,node1_lvl_desc,node1_layer_number,node1_layer_data_type,node2,node2_x,node2_y,node2_z_start,node2_z_end,node2_lvl_desc,node2_layer_number,node2_layer_data_type,value,description,lvl_number,lvl_desc
R4_1,11,0.18,0.1865,-0.1,-0.09,SUBSTRATE,2,0,11:F50,0.18,0.1865,-0.1,-0.09,SUBSTRATE,2,0,0.001,$l=0 $w=10.0000,224,NW    ITF=SUBSTRATE
R4_2,11,0.18,0.1865,-0.1,-0.09,SUBSTRATE,2,0,11:F17,0.12,0.1905,-0.1,-0.09,SUBSTRATE,2,0,0.001,$l=0.0601 $w=10.0000,224,NW    ITF=SUBSTRATE
R4_3,11:F50,0.18,0.1865,-0.1,-0.09,SUBSTRATE,2,0,11:F32,0.06,0.1865,-0.1,-0.09,SUBSTRATE,2,0,0.001,$l=0.1200 $w=10.0000,224,NW    ITF=SUBSTRATE
R5_4,12,0.06,0.0675,-0.1,-0.09,SUBSTRATE,2,0,12:F28,0.06,0.0675,-0.1,-0.09,SUBSTRATE,2,0,0.001,$l=0 $w=10.0000,221,psub    ITF=SUBSTRATE
R5_5,12,0.06,0.0675,-0.1,-0.09,SUBSTRATE,2,0,12:F16,0.12,0.1905,-0.1,-0.09,SUBSTRATE,2,0,0.001,$l=0.1369 $w=10.0000,221,psub    ITF=SUBSTRATE
R5_6,12:F16,0.12,0.1905,-0.1,-0.09,SUBSTRATE,2,0,12:F46,0.18,0.0675,-0.1,-0.09,SUBSTRATE,2,0,0.001,$l=0.1369 $w=10.0000,221,psub    ITF=SUBSTRATE
R2_7,1:F49,0.1725,0.0675,-0.1,-0.09,RX,2,0,1:99,0.15,0.0367,-0.09,-0.07,CA_N,14,0,412.466,$a=0.00039000,240,CA2RX_short_N    ITF=CA_N2RX_ntype
R2_8,1:F49,0.1725,0.0675,-0.1,-0.09,RX,2,0,1:101,0.15,0.0562,-0.09,-0.07,CA_N,14,0,412.466,$a=0.00039000,240,CA2RX_short_N    ITF=CA_N2RX_ntype
R2_9,1:F49,0.1725,0.0675,-0.1,-0.09,RX,2,0,1:103,0.15,0.0757,-0.09,-0.07,CA_N,14,0,412.466,$a=0.00039000,240,CA2RX_short_N    ITF=CA_N2RX_ntype
R2_10,1:F49,0.1725,0.0675,-0.1,-0.09,RX,2,0,1:105,0.15,0.0952,-0.09,-0.07,CA_N,14,0,412.466,$a=0.00039000,240,CA2RX_short_N    ITF=CA_N2RX_ntype
R2_11,1:105,0.15,0.0952,-0.09,-0.07,CA_N,14,0,1:103,0.15,0.0757,-0.09,-0.07,CA_N,14,0,24.6675,$l=0.0195 $w=0.0200,124,CA_short_N    ITF=CA_N
R2_12,1:105,0.15,0.0952,-0.09,-0.07,CA_N,14,0,1:308,0.15,0.105,-0.09,-0.07,CA_N,14,0,12.397,$l=0.0098 $w=0.0200,124,CA_short_N    ITF=CA_N
R2_13,1:F31,0.0525,0.0675,-0.1,-0.09,RX,2,0,1:83,0.03,0.0367,-0.09,-0.07,CA_N,14,0,412.466,$a=0.00039000,240,CA2RX_short_N    ITF=CA_N2RX_ntype
R2_14,1:F31,0.0525,0.0675,-0.1,-0.09,RX,2,0,1:85,0.03,0.0562,-0.09,-0.07,CA_N,14,0,412.466,$a=0.00039000,240,CA2RX_short_N    ITF=CA_N2RX_ntype
R2_15,1:F31,0.0525,0.0675,-0.1,-0.09,RX,2,0,1:87,0.03,0.0757,-0.09,-0.07,CA_N,14,0,412.466,$a=0.00039000,240,CA2RX_short_N    ITF=CA_N2RX_ntype
R2_16,1:F31,0.0525,0.0675,-0.1,-0.09,RX,2,0,1:89,0.03,0.0952,-0.09,-0.07,CA_N,14,0,412.466,$a=0.00039000,240,CA2RX_short_N    ITF=CA_N2RX_ntype
R2_17,1:89,0.03,0.0952,-0.09,-0.07,CA_N,14,0,1:87,0.03,0.0757,-0.09,-0.07,CA_N,14,0,24.6675,$l=0.0195 $w=0.0200,124,CA_short_N    ITF=CA_N
R2_18,1:89,0.03,0.0952,-0.09,-0.07,CA_N,14,0,1,0.03,0.105,-0.09,-0.07,CA_N,14,0,12.397,$l=0.0098 $w=0.0200,124,CA_short_N    ITF=CA_N
R2_19,1:279,0.201,0,0.1,0.15,M2,17,0,1:280,0.201,0,0,0.04,M1,15,0,27,$a=0.00040000,299,V1    ITF=V1
R2_20,1:279,0.201,0,0.1,0.15,M2,17,0,1:301,0.24,0,0.1,0.15,M2,17,0,0.888184,$l=0.0390 $w=0.0580,95,M2    ITF=M2
R2_21,1:279,0.201,0,0.1,0.15,M2,17,0,1:271,0.147,0,0.1,0.15,M2,17,0,1.22979,$l=0.0540 $w=0.0580,95,M2    ITF=M2
R2_22,1:280,0.201,0,0,0.04,M1,15,0,1:302,0.24,0,0,0.04,M1,15,0,1.66395,$l=0.0390 $w=0.0580,107,M1_E2_PEX    ITF=M1
R2_23,1:280,0.201,0,0,0.04,M1,15,0,1:251,0.15,0,0,0.04,M1,15,0,2.17593,$l=0.0510 $w=0.0580,107,M1_E2_PEX    ITF=M1
R2_24,1:271,0.147,0,0.1,0.15,M2,17,0,1:272,0.147,0,0,0.04,M1,15,0,27,$a=0.00040000,299,V1    ITF=V1
R2_25,1:271,0.147,0,0.1,0.15,M2,17,0,1:267,0.093,0,0.1,0.15,M2,17,0,1.22979,$l=0.0540 $w=0.0580,95,M2    ITF=M2
R2_26,1:272,0.147,0,0,0.04,M1,15,0,1:268,0.093,0,0,0.04,M1,15,0,2.30393,$l=0.0540 $w=0.0580,107,M1_E2_PEX    ITF=M1
R2_27,1:272,0.147,0,0,0.04,M1,15,0,1:251,0.15,0,0,0.04,M1,15,0,0.127996,$l=0.0030 $w=0.0580,107,M1_E2_PEX    ITF=M1
R2_28,1:268,0.093,0,0,0.04,M1,15,0,1:267,0.093,0,0.1,0.15,M2,17,0,27,$a=0.00040000,299,V1    ITF=V1
R2_29,1:268,0.093,0,0,0.04,M1,15,0,1:260,0.039,0,0,0.04,M1,15,0,2.30393,$l=0.0540 $w=0.0580,107,M1_E2_PEX    ITF=M1
R2_30,1:251,0.15,0,0,0.04,M1,15,0,1:235,0.15,0.016,-0.03,0,VA,685,1,23.7,$a=0.00046800,295,M12VA_N    ITF=M12VA
R2_31,1:267,0.093,0,0.1,0.15,M2,17,0,1:259,0.039,0,0.1,0.15,M2,17,0,1.22979,$l=0.0540 $w=0.0580,95,M2    ITF=M2
R2_32,1:260,0.039,0,0,0.04,M1,15,0,1:259,0.039,0,0.1,0.15,M2,17,0,27,$a=0.00040000,299,V1    ITF=V1
R2_33,1:260,0.039,0,0,0.04,M1,15,0,1:247,0.03,0,0,0.04,M1,15,0,0.383988,$l=0.0090 $w=0.0580,107,M1_E2_PEX    ITF=M1
R2_34,1:259,0.039,0,0.1,0.15,M2,17,0,1:4,0,0,0.1,0.15,M2,17,0,0.888184,$l=0.0390 $w=0.0580,95,M2    ITF=M2
R2_35,1:247,0.03,0,0,0.04,M1,15,0,1:231,0.03,0.016,-0.03,0,VA,685,1,23.7,$a=0.00046800,295,M12VA_N    ITF=M12VA
R2_36,1:247,0.03,0,0,0.04,M1,15,0,1:14,0,0,0,0.04,M1,15,0,1.27996,$l=0.0300 $w=0.0580,107,M1_E2_PEX    ITF=M1
R2_37,1:235,0.15,0.016,-0.03,0,VA,685,1,1:236,0.15,0.016,-0.07,-0.03,CA_LONG,729,0,16.4,$a=0.00046800,289,VA2CA_long_N    ITF=VA2CALONG
R2_38,1:235,0.15,0.016,-0.03,0,VA,685,1,1:304,0.15,0.029,-0.03,0,VA,685,1,12.0611,$l=0.0130 $w=0.0180,114,VA_CA_N    ITF=VA
R2_39,1:235,0.15,0.016,-0.03,0,VA,685,1,1:20,0.15,0.003,-0.03,0,VA,685,1,12.0611,$l=0.0130 $w=0.0180,114,VA_CA_N    ITF=VA
R2_40,1:236,0.15,0.016,-0.07,-0.03,CA_LONG,729,0,1:197,0.15,0.0125,-0.07,-0.03,CA_LONG,729,0,3.22,$l=0.0035 $w=0.0200,121,CA_long_N    ITF=CA_LONG
R2_41,1:236,0.15,0.016,-0.07,-0.03,CA_LONG,729,0,1:155,0.15,0.0387,-0.07,-0.03,CA_LONG,729,0,20.884,$l=0.0227 $w=0.0200,121,CA_long_N    ITF=CA_LONG
R2_42,1:231,0.03,0.016,-0.03,0,VA,685,1,1:232,0.03,0.016,-0.07,-0.03,CA_LONG,729,0,16.4,$a=0.00046800,289,VA2CA_long_N    ITF=VA2CALONG
R2_43,1:231,0.03,0.016,-0.03,0,VA,685,1,1:303,0.03,0.029,-0.03,0,VA,685,1,12.0611,$l=0.0130 $w=0.0180,114,VA_CA_N    ITF=VA
R2_44,1:231,0.03,0.016,-0.03,0,VA,685,1,1:16,0.03,0.003,-0.03,0,VA,685,1,12.0611,$l=0.0130 $w=0.0180,114,VA_CA_N    ITF=VA
R2_45,1:232,0.03,0.016,-0.07,-0.03,CA_LONG,729,0,1:175,0.03,0.0125,-0.07,-0.03,CA_LONG,729,0,3.22,$l=0.0035 $w=0.0200,121,CA_long_N    ITF=CA_LONG
R2_46,1:232,0.03,0.016,-0.07,-0.03,CA_LONG,729,0,1:147,0.03,0.0387,-0.07,-0.03,CA_LONG,729,0,20.884,$l=0.0227 $w=0.0200,121,CA_long_N    ITF=CA_LONG
R2_47,1:197,0.15,0.0125,-0.07,-0.03,CA_LONG,729,0,1:198,0.15,0.0125,-0.09,-0.07,CA_N_STI,14,0,16.1584,$a=0.00058000,248,CA2CA_N_woRX    ITF=CALONG2CA_N_STI
R2_48,1:197,0.15,0.0125,-0.07,-0.03,CA_LONG,729,0,1:28,0.15,-0.002,-0.07,-0.03,CA_LONG,729,0,13.34,$l=0.0145 $w=0.0200,121,CA_long_N    ITF=CA_LONG
R2_49,1:198,0.15,0.0125,-0.09,-0.07,CA_N_STI,14,0,1:34,0.15,0.027,-0.09,-0.07,CA_N_STI,14,0,10.0775,$l=0.0145 $w=0.0200,128,CA_short_N_woRX    ITF=CA_N_STI
R2_50,1:198,0.15,0.0125,-0.09,-0.07,CA_N_STI,14,0,1:45,0.15,-0.018,-0.09,-0.07,CA_N_STI,14,0,21.1975,$l=0.0305 $w=0.0200,128,CA_short_N_woRX    ITF=CA_N_STI
R2_51,1:175,0.03,0.0125,-0.07,-0.03,CA_LONG,729,0,1:176,0.03,0.0125,-0.09,-0.07,CA_N_STI,14,0,16.1584,$a=0.00058000,248,CA2CA_N_woRX    ITF=CALONG2CA_N_STI
R2_52,1:175,0.03,0.0125,-0.07,-0.03,CA_LONG,729,0,1:24,0.03,-0.002,-0.07,-0.03,CA_LONG,729,0,13.34,$l=0.0145 $w=0.0200,121,CA_long_N    ITF=CA_LONG
R2_53,1:176,0.03,0.0125,-0.09,-0.07,CA_N_STI,14,0,1:32,0.03,0.027,-0.09,-0.07,CA_N_STI,14,0,10.0775,$l=0.0145 $w=0.0200,128,CA_short_N_woRX    ITF=CA_N_STI
R2_54,1:176,0.03,0.0125,-0.09,-0.07,CA_N_STI,14,0,1:40,0.03,-0.018,-0.09,-0.07,CA_N_STI,14,0,21.1975,$l=0.0305 $w=0.0200,128,CA_short_N_woRX    ITF=CA_N_STI
R2_55,1:157,0.15,0.0622,-0.07,-0.03,CA_LONG,729,0,1:158,0.15,0.0622,-0.09,-0.07,CA_N,14,0,26.306,$a=0.00047000,244,CA2CA_N    ITF=CALONG2CA_N
R2_56,1:157,0.15,0.0622,-0.07,-0.03,CA_LONG,729,0,1:306,0.15,0.074,-0.07,-0.03,CA_LONG,729,0,10.856,$l=0.0118 $w=0.0200,121,CA_long_N    ITF=CA_LONG
R2_57,1:157,0.15,0.0622,-0.07,-0.03,CA_LONG,729,0,1:155,0.15,0.0387,-0.07,-0.03,CA_LONG,729,0,21.62,$l=0.0235 $w=0.0200,121,CA_long_N    ITF=CA_LONG
R2_58,1:158,0.15,0.0622,-0.09,-0.07,CA_N,14,0,1:101,0.15,0.0562,-0.09,-0.07,CA_N,14,0,7.59,$l=0.0060 $w=0.0200,124,CA_short_N    ITF=CA_N
R2_59,1:158,0.15,0.0622,-0.09,-0.07,CA_N,14,0,1:103,0.15,0.0757,-0.09,-0.07,CA_N,14,0,17.0775,$l=0.0135 $w=0.0200,124,CA_short_N    ITF=CA_N
R2_60,1:155,0.15,0.0387,-0.07,-0.03,CA_LONG,729,0,1:156,0.15,0.0387,-0.09,-0.07,CA_N,14,0,26.306,$a=0.00047000,244,CA2CA_N    ITF=CALONG2CA_N
R2_61,1:156,0.15,0.0387,-0.09,-0.07,CA_N,14,0,1:99,0.15,0.0367,-0.09,-0.07,CA_N,14,0,2.53,$l=0.0020 $w=0.0200,124,CA_short_N    ITF=CA_N
R2_62,1:156,0.15,0.0387,-0.09,-0.07,CA_N,14,0,1:101,0.15,0.0562,-0.09,-0.07,CA_N,14,0,22.1375,$l=0.0175 $w=0.0200,124,CA_short_N    ITF=CA_N
R2_63,1:99,0.15,0.0367,-0.09,-0.07,CA_N,14,0,1:34,0.15,0.027,-0.09,-0.07,CA_N_STI,14,0,12.2705,$l=0.0097 $w=0.0200,124,CA_short_N    ITF=CA_N
R2_64,1:149,0.03,0.0622,-0.07,-0.03,CA_LONG,729,0,1:150,0.03,0.0622,-0.09,-0.07,CA_N,14,0,26.306,$a=0.00047000,244,CA2CA_N    ITF=CALONG2CA_N
R2_65,1:149,0.03,0.0622,-0.07,-0.03,CA_LONG,729,0,1:305,0.03,0.074,-0.07,-0.03,CA_LONG,729,0,10.856,$l=0.0118 $w=0.0200,121,CA_long_N    ITF=CA_LONG
R2_66,1:149,0.03,0.0622,-0.07,-0.03,CA_LONG,729,0,1:147,0.03,0.0387,-0.07,-0.03,CA_LONG,729,0,21.62,$l=0.0235 $w=0.0200,121,CA_long_N    ITF=CA_LONG
R2_67,1:150,0.03,0.0622,-0.09,-0.07,CA_N,14,0,1:85,0.03,0.0562,-0.09,-0.07,CA_N,14,0,7.59,$l=0.0060 $w=0.0200,124,CA_short_N    ITF=CA_N
R2_68,1:150,0.03,0.0622,-0.09,-0.07,CA_N,14,0,1:87,0.03,0.0757,-0.09,-0.07,CA_N,14,0,17.0775,$l=0.0135 $w=0.0200,124,CA_short_N    ITF=CA_N
R2_69,1:147,0.03,0.0387,-0.07,-0.03,CA_LONG,729,0,1:148,0.03,0.0387,-0.09,-0.07,CA_N,14,0,26.306,$a=0.00047000,244,CA2CA_N    ITF=CALONG2CA_N
R2_70,1:148,0.03,0.0387,-0.09,-0.07,CA_N,14,0,1:83,0.03,0.0367,-0.09,-0.07,CA_N,14,0,2.53,$l=0.0020 $w=0.0200,124,CA_short_N    ITF=CA_N
R2_71,1:148,0.03,0.0387,-0.09,-0.07,CA_N,14,0,1:85,0.03,0.0562,-0.09,-0.07,CA_N,14,0,22.1375,$l=0.0175 $w=0.0200,124,CA_short_N    ITF=CA_N
R2_72,1:83,0.03,0.0367,-0.09,-0.07,CA_N,14,0,1:32,0.03,0.027,-0.09,-0.07,CA_N_STI,14,0,12.2705,$l=0.0097 $w=0.0200,124,CA_short_N    ITF=CA_N
R6_73,2:F53,0.1725,0.1865,-0.1,-0.09,RX,2,0,2:131,0.15,0.1587,-0.09,-0.07,CA_P,14,0,412.466,$a=0.00039000,241,CA2RX_short_P    ITF=CA_P2RX_ptype
R6_74,2:F53,0.1725,0.1865,-0.1,-0.09,RX,2,0,2:133,0.15,0.1782,-0.09,-0.07,CA_P,14,0,412.466,$a=0.00039000,241,CA2RX_short_P    ITF=CA_P2RX_ptype
R6_75,2:F53,0.1725,0.1865,-0.1,-0.09,RX,2,0,2:135,0.15,0.1977,-0.09,-0.07,CA_P,14,0,412.466,$a=0.00039000,241,CA2RX_short_P    ITF=CA_P2RX_ptype
R6_76,2:F53,0.1725,0.1865,-0.1,-0.09,RX,2,0,2:137,0.15,0.2172,-0.09,-0.07,CA_P,14,0,412.466,$a=0.00039000,241,CA2RX_short_P    ITF=CA_P2RX_ptype
R6_77,2:F35,0.0525,0.1865,-0.1,-0.09,RX,2,0,2:115,0.03,0.1587,-0.09,-0.07,CA_P,14,0,412.466,$a=0.00039000,241,CA2RX_short_P    ITF=CA_P2RX_ptype
R6_78,2:F35,0.0525,0.1865,-0.1,-0.09,RX,2,0,2:117,0.03,0.1782,-0.09,-0.07,CA_P,14,0,412.466,$a=0.00039000,241,CA2RX_short_P    ITF=CA_P2RX_ptype
R6_79,2:F35,0.0525,0.1865,-0.1,-0.09,RX,2,0,2:119,0.03,0.1977,-0.09,-0.07,CA_P,14,0,412.466,$a=0.00039000,241,CA2RX_short_P    ITF=CA_P2RX_ptype
R6_80,2:F35,0.0525,0.1865,-0.1,-0.09,RX,2,0,2:121,0.03,0.2172,-0.09,-0.07,CA_P,14,0,412.466,$a=0.00039000,241,CA2RX_short_P    ITF=CA_P2RX_ptype
R6_81,2:281,0.201,0.254,0.1,0.15,M2,17,0,2:282,0.201,0.254,0,0.04,M1,15,0,27,$a=0.00040000,299,V1    ITF=V1
R6_82,2:281,0.201,0.254,0.1,0.15,M2,17,0,2:311,0.24,0.254,0.1,0.15,M2,17,0,0.888184,$l=0.0390 $w=0.0580,95,M2    ITF=M2
R6_83,2:281,0.201,0.254,0.1,0.15,M2,17,0,2:273,0.147,0.254,0.1,0.15,M2,17,0,1.22979,$l=0.0540 $w=0.0580,95,M2    ITF=M2
R6_84,2:282,0.201,0.254,0,0.04,M1,15,0,2:312,0.24,0.254,0,0.04,M1,15,0,1.66395,$l=0.0390 $w=0.0580,107,M1_E2_PEX    ITF=M1
R6_85,2:282,0.201,0.254,0,0.04,M1,15,0,2:257,0.15,0.254,0,0.04,M1,15,0,2.17593,$l=0.0510 $w=0.0580,107,M1_E2_PEX    ITF=M1
R6_86,2:273,0.147,0.254,0.1,0.15,M2,17,0,2:274,0.147,0.254,0,0.04,M1,15,0,27,$a=0.00040000,299,V1    ITF=V1
R6_87,2:273,0.147,0.254,0.1,0.15,M2,17,0,2:269,0.093,0.254,0.1,0.15,M2,17,0,1.22979,$l=0.0540 $w=0.0580,95,M2    ITF=M2
R6_88,2:274,0.147,0.254,0,0.04,M1,15,0,2:270,0.093,0.254,0,0.04,M1,15,0,2.30393,$l=0.0540 $w=0.0580,107,M1_E2_PEX    ITF=M1
R6_89,2:274,0.147,0.254,0,0.04,M1,15,0,2:257,0.15,0.254,0,0.04,M1,15,0,0.127996,$l=0.0030 $w=0.0580,107,M1_E2_PEX    ITF=M1
R6_90,2:270,0.093,0.254,0,0.04,M1,15,0,2:269,0.093,0.254,0.1,0.15,M2,17,0,27,$a=0.00040000,299,V1    ITF=V1
R6_91,2:270,0.093,0.254,0,0.04,M1,15,0,2:262,0.039,0.254,0,0.04,M1,15,0,2.30393,$l=0.0540 $w=0.0580,107,M1_E2_PEX    ITF=M1
R6_92,2:257,0.15,0.254,0,0.04,M1,15,0,2:241,0.15,0.238,-0.03,0,VA,685,1,23.7,$a=0.00046800,296,M12VA_P    ITF=M12VA
R6_93,2:269,0.093,0.254,0.1,0.15,M2,17,0,2:261,0.039,0.254,0.1,0.15,M2,17,0,1.22979,$l=0.0540 $w=0.0580,95,M2    ITF=M2
R6_94,2:262,0.039,0.254,0,0.04,M1,15,0,2:261,0.039,0.254,0.1,0.15,M2,17,0,27,$a=0.00040000,299,V1    ITF=V1
R6_95,2:262,0.039,0.254,0,0.04,M1,15,0,2:255,0.03,0.254,0,0.04,M1,15,0,0.383988,$l=0.0090 $w=0.0580,107,M1_E2_PEX    ITF=M1
R6_96,2:261,0.039,0.254,0.1,0.15,M2,17,0,2:6,0,0.254,0.1,0.15,M2,17,0,0.888184,$l=0.0390 $w=0.0580,95,M2    ITF=M2
R6_97,2:255,0.03,0.254,0,0.04,M1,15,0,2:239,0.03,0.238,-0.03,0,VA,685,1,23.7,$a=0.00046800,296,M12VA_P    ITF=M12VA
R6_98,2:255,0.03,0.254,0,0.04,M1,15,0,2:15,0,0.254,0,0.04,M1,15,0,1.27996,$l=0.0300 $w=0.0580,107,M1_E2_PEX    ITF=M1
R6_99,2:241,0.15,0.238,-0.03,0,VA,685,1,2:242,0.15,0.238,-0.07,-0.03,CA_LONG,729,0,16.4,$a=0.00046800,290,VA2CA_long_P    ITF=VA2CALONG
R6_100,2:241,0.15,0.238,-0.03,0,VA,685,1,2:314,0.15,0.251,-0.03,0,VA,685,1,12.0611,$l=0.0130 $w=0.0180,115,VA_CA_P    ITF=VA
R6_101,2:241,0.15,0.238,-0.03,0,VA,685,1,2:21,0.15,0.225,-0.03,0,VA,685,1,12.0611,$l=0.0130 $w=0.0180,115,VA_CA_P    ITF=VA
R6_102,2:242,0.15,0.238,-0.07,-0.03,CA_LONG,729,0,2:221,0.15,0.2405,-0.07,-0.03,CA_LONG,729,0,2.3,$l=0.0025 $w=0.0200,122,CA_long_P    ITF=CA_LONG
R6_103,2:242,0.15,0.238,-0.07,-0.03,CA_LONG,729,0,2:173,0.15,0.2235,-0.07,-0.03,CA_LONG,729,0,13.34,$l=0.0145 $w=0.0200,122,CA_long_P    ITF=CA_LONG
R6_104,2:239,0.03,0.238,-0.03,0,VA,685,1,2:240,0.03,0.238,-0.07,-0.03,CA_LONG,729,0,16.4,$a=0.00046800,290,VA2CA_long_P    ITF=VA2CALONG
R6_105,2:239,0.03,0.238,-0.03,0,VA,685,1,2:313,0.03,0.251,-0.03,0,VA,685,1,12.0611,$l=0.0130 $w=0.0180,115,VA_CA_P    ITF=VA
R6_106,2:239,0.03,0.238,-0.03,0,VA,685,1,2:17,0.03,0.225,-0.03,0,VA,685,1,12.0611,$l=0.0130 $w=0.0180,115,VA_CA_P    ITF=VA
R6_107,2:240,0.03,0.238,-0.07,-0.03,CA_LONG,729,0,2:219,0.03,0.2405,-0.07,-0.03,CA_LONG,729,0,2.3,$l=0.0025 $w=0.0200,122,CA_long_P    ITF=CA_LONG
R6_108,2:240,0.03,0.238,-0.07,-0.03,CA_LONG,729,0,2:167,0.03,0.2235,-0.07,-0.03,CA_LONG,729,0,13.34,$l=0.0145 $w=0.0200,122,CA_long_P    ITF=CA_LONG
R6_109,2:221,0.15,0.2405,-0.07,-0.03,CA_LONG,729,0,2:222,0.15,0.2405,-0.09,-0.07,CA_P_STI,14,0,16.4848,$a=0.00054000,249,CA2CA_P_woRX    ITF=CALONG2CA_P_STI
R6_110,2:221,0.15,0.2405,-0.07,-0.03,CA_LONG,729,0,2:29,0.15,0.254,-0.07,-0.03,CA_LONG,729,0,12.42,$l=0.0135 $w=0.0200,122,CA_long_P    ITF=CA_LONG
R6_111,2:222,0.15,0.2405,-0.09,-0.07,CA_P_STI,14,0,2:46,0.15,0.254,-0.09,-0.07,CA_P_STI,14,0,9.3825,$l=0.0135 $w=0.0200,129,CA_short_P_woRX    ITF=CA_P_STI
R6_112,2:222,0.15,0.2405,-0.09,-0.07,CA_P_STI,14,0,2:38,0.15,0.227,-0.09,-0.07,CA_P_STI,14,0,9.3825,$l=0.0135 $w=0.0200,129,CA_short_P_woRX    ITF=CA_P_STI
R6_113,2:219,0.03,0.2405,-0.07,-0.03,CA_LONG,729,0,2:220,0.03,0.2405,-0.09,-0.07,CA_P_STI,14,0,16.4848,$a=0.00054000,249,CA2CA_P_woRX    ITF=CALONG2CA_P_STI
R6_114,2:219,0.03,0.2405,-0.07,-0.03,CA_LONG,729,0,2:25,0.03,0.254,-0.07,-0.03,CA_LONG,729,0,12.42,$l=0.0135 $w=0.0200,122,CA_long_P    ITF=CA_LONG
R6_115,2:220,0.03,0.2405,-0.09,-0.07,CA_P_STI,14,0,2:41,0.03,0.254,-0.09,-0.07,CA_P_STI,14,0,9.3825,$l=0.0135 $w=0.0200,129,CA_short_P_woRX    ITF=CA_P_STI
R6_116,2:220,0.03,0.2405,-0.09,-0.07,CA_P_STI,14,0,2:36,0.03,0.227,-0.09,-0.07,CA_P_STI,14,0,9.3825,$l=0.0135 $w=0.0200,129,CA_short_P_woRX    ITF=CA_P_STI
R6_117,2:217,0.15,0.255,-0.07,-0.03,CA_LONG,729,0,2:218,0.15,0.255,-0.09,-0.07,CA_N_STI,14,0,354.24,$a=0.00004000,248,CA2CA_N_woRX    ITF=CALONG2CA_N_STI
R6_118,2:217,0.15,0.255,-0.07,-0.03,CA_LONG,729,0,2:30,0.15,0.256,-0.07,-0.03,CA_LONG,729,0,0.92,$l=0.0010 $w=0.0200,121,CA_long_N    ITF=CA_LONG
R6_119,2:217,0.15,0.255,-0.07,-0.03,CA_LONG,729,0,2:29,0.15,0.254,-0.07,-0.03,CA_LONG,729,0,0.92,$l=0.0010 $w=0.0200,121,CA_long_N    ITF=CA_LONG
R6_120,2:218,0.15,0.255,-0.09,-0.07,CA_N_STI,14,0,2:320,0.15,0.272,-0.09,-0.07,CA_N_STI,14,0,11.815,$l=0.0170 $w=0.0200,128,CA_short_N_woRX    ITF=CA_N_STI
R6_121,2:218,0.15,0.255,-0.09,-0.07,CA_N_STI,14,0,2:46,0.15,0.254,-0.09,-0.07,CA_P_STI,14,0,0.695,$l=0.0010 $w=0.0200,128,CA_short_N_woRX    ITF=CA_N_STI
R6_122,2:195,0.03,0.255,-0.07,-0.03,CA_LONG,729,0,2:196,0.03,0.255,-0.09,-0.07,CA_N_STI,14,0,354.24,$a=0.00004000,248,CA2CA_N_woRX    ITF=CALONG2CA_N_STI
R6_123,2:195,0.03,0.255,-0.07,-0.03,CA_LONG,729,0,2:26,0.03,0.256,-0.07,-0.03,CA_LONG,729,0,0.92,$l=0.0010 $w=0.0200,121,CA_long_N    ITF=CA_LONG
R6_124,2:195,0.03,0.255,-0.07,-0.03,CA_LONG,729,0,2:25,0.03,0.254,-0.07,-0.03,CA_LONG,729,0,0.92,$l=0.0010 $w=0.0200,121,CA_long_N    ITF=CA_LONG
R6_125,2:196,0.03,0.255,-0.09,-0.07,CA_N_STI,14,0,2:319,0.03,0.272,-0.09,-0.07,CA_N_STI,14,0,11.815,$l=0.0170 $w=0.0200,128,CA_short_N_woRX    ITF=CA_N_STI
R6_126,2:196,0.03,0.255,-0.09,-0.07,CA_N_STI,14,0,2:41,0.03,0.254,-0.09,-0.07,CA_P_STI,14,0,0.695,$l=0.0010 $w=0.0200,128,CA_short_N_woRX    ITF=CA_N_STI
R6_127,2:173,0.15,0.2235,-0.07,-0.03,CA_LONG,729,0,2:174,0.15,0.2235,-0.09,-0.07,CA_P,14,0,101.211,$a=0.00014000,245,CA2CA_P    ITF=CALONG2CA_P
R6_128,2:173,0.15,0.2235,-0.07,-0.03,CA_LONG,729,0,2:316,0.15,0.22,-0.07,-0.03,CA_LONG,729,0,3.22,$l=0.0035 $w=0.0200,122,CA_long_P    ITF=CA_LONG
R6_129,2:174,0.15,0.2235,-0.09,-0.07,CA_P,14,0,2:137,0.15,0.2172,-0.09,-0.07,CA_P,14,0,7.9695,$l=0.0063 $w=0.0200,125,CA_short_P    ITF=CA_P
R6_130,2:174,0.15,0.2235,-0.09,-0.07,CA_P,14,0,2:38,0.15,0.227,-0.09,-0.07,CA_P_STI,14,0,4.4275,$l=0.0035 $w=0.0200,125,CA_short_P    ITF=CA_P
R6_131,2:137,0.15,0.2172,-0.09,-0.07,CA_P,14,0,2:135,0.15,0.1977,-0.09,-0.07,CA_P,14,0,24.6675,$l=0.0195 $w=0.0200,125,CA_short_P    ITF=CA_P
R6_132,2:167,0.03,0.2235,-0.07,-0.03,CA_LONG,729,0,2:168,0.03,0.2235,-0.09,-0.07,CA_P,14,0,101.211,$a=0.00014000,245,CA2CA_P    ITF=CALONG2CA_P
R6_133,2:167,0.03,0.2235,-0.07,-0.03,CA_LONG,729,0,2:315,0.03,0.22,-0.07,-0.03,CA_LONG,729,0,3.22,$l=0.0035 $w=0.0200,122,CA_long_P    ITF=CA_LONG
R6_134,2:168,0.03,0.2235,-0.09,-0.07,CA_P,14,0,2:121,0.03,0.2172,-0.09,-0.07,CA_P,14,0,7.9695,$l=0.0063 $w=0.0200,125,CA_short_P    ITF=CA_P
R6_135,2:168,0.03,0.2235,-0.09,-0.07,CA_P,14,0,2:36,0.03,0.227,-0.09,-0.07,CA_P_STI,14,0,4.4275,$l=0.0035 $w=0.0200,125,CA_short_P    ITF=CA_P
R6_136,2:121,0.03,0.2172,-0.09,-0.07,CA_P,14,0,2:119,0.03,0.1977,-0.09,-0.07,CA_P,14,0,24.6675,$l=0.0195 $w=0.0200,125,CA_short_P    ITF=CA_P
R6_137,2:135,0.15,0.1977,-0.09,-0.07,CA_P,14,0,2:133,0.15,0.1782,-0.09,-0.07,CA_P,14,0,24.6675,$l=0.0195 $w=0.0200,125,CA_short_P    ITF=CA_P
R6_138,2:133,0.15,0.1782,-0.09,-0.07,CA_P,14,0,2:131,0.15,0.1587,-0.09,-0.07,CA_P,14,0,24.6675,$l=0.0195 $w=0.0200,125,CA_short_P    ITF=CA_P
R6_139,2:131,0.15,0.1587,-0.09,-0.07,CA_P,14,0,2:318,0.15,0.149,-0.09,-0.07,CA_P,14,0,12.2705,$l=0.0097 $w=0.0200,125,CA_short_P    ITF=CA_P
R6_140,2:119,0.03,0.1977,-0.09,-0.07,CA_P,14,0,2:117,0.03,0.1782,-0.09,-0.07,CA_P,14,0,24.6675,$l=0.0195 $w=0.0200,125,CA_short_P    ITF=CA_P
R6_141,2:117,0.03,0.1782,-0.09,-0.07,CA_P,14,0,2:115,0.03,0.1587,-0.09,-0.07,CA_P,14,0,24.6675,$l=0.0195 $w=0.0200,125,CA_short_P    ITF=CA_P
R6_142,2:115,0.03,0.1587,-0.09,-0.07,CA_P,14,0,2,0.03,0.149,-0.09,-0.07,CA_P,14,0,12.2705,$l=0.0097 $w=0.0200,125,CA_short_P    ITF=CA_P
R7_143,3:F33,0.0675,0.1865,-0.1,-0.09,RX,2,0,3:123,0.09,0.1561,-0.09,-0.07,CA_P,14,0,398.183,$a=0.00040400,241,CA2RX_short_P    ITF=CA_P2RX_ptype
R7_144,3:F33,0.0675,0.1865,-0.1,-0.09,RX,2,0,3:125,0.09,0.1763,-0.09,-0.07,CA_P,14,0,396.222,$a=0.00040600,241,CA2RX_short_P    ITF=CA_P2RX_ptype
R7_145,3:F33,0.0675,0.1865,-0.1,-0.09,RX,2,0,3:127,0.09,0.1966,-0.09,-0.07,CA_P,14,0,398.183,$a=0.00040400,241,CA2RX_short_P    ITF=CA_P2RX_ptype
R7_146,3:F33,0.0675,0.1865,-0.1,-0.09,RX,2,0,3:129,0.09,0.2168,-0.09,-0.07,CA_P,14,0,396.222,$a=0.00040600,241,CA2RX_short_P    ITF=CA_P2RX_ptype
R7_147,3:129,0.09,0.2168,-0.09,-0.07,CA_P,14,0,3:127,0.09,0.1966,-0.09,-0.07,CA_P,14,0,25.553,$l=0.0202 $w=0.0200,125,CA_short_P    ITF=CA_P
R7_148,3:129,0.09,0.2168,-0.09,-0.07,CA_P,14,0,3:336,0.09,0.227,-0.09,-0.07,CA_P,14,0,12.903,$l=0.0102 $w=0.0200,125,CA_short_P    ITF=CA_P
R7_149,3:F29,0.0675,0.0675,-0.1,-0.09,RX,2,0,3:91,0.09,0.0371,-0.09,-0.07,CA_N,14,0,398.183,$a=0.00040400,240,CA2RX_short_N    ITF=CA_N2RX_ntype
R7_150,3:F29,0.0675,0.0675,-0.1,-0.09,RX,2,0,3:93,0.09,0.0573,-0.09,-0.07,CA_N,14,0,396.222,$a=0.00040600,240,CA2RX_short_N    ITF=CA_N2RX_ntype
R7_151,3:F29,0.0675,0.0675,-0.1,-0.09,RX,2,0,3:95,0.09,0.0776,-0.09,-0.07,CA_N,14,0,398.183,$a=0.00040400,240,CA2RX_short_N    ITF=CA_N2RX_ntype
R7_152,3:F29,0.0675,0.0675,-0.1,-0.09,RX,2,0,3:97,0.09,0.0978,-0.09,-0.07,CA_N,14,0,396.222,$a=0.00040600,240,CA2RX_short_N    ITF=CA_N2RX_ntype
R7_153,3:97,0.09,0.0978,-0.09,-0.07,CA_N,14,0,3:95,0.09,0.0776,-0.09,-0.07,CA_N,14,0,25.553,$l=0.0202 $w=0.0200,124,CA_short_N    ITF=CA_N
R7_154,3:97,0.09,0.0978,-0.09,-0.07,CA_N,14,0,3:33,0.09,0.108,-0.09,-0.07,CA_N,14,0,12.903,$l=0.0102 $w=0.0200,124,CA_short_N    ITF=CA_N
R7_155,3:F52,0.18,0.1865,-0.09,-0.05,LVTPGATE,17,0,3:226,0.18,0.199,-0.09,-0.05,LVTPGATE,17,0,530.833,$l=0.0125 $w=0.0150,159,LVT_pgate    ITF=LVTPGATE
R7_156,3:F52,0.18,0.1865,-0.09,-0.05,LVTPGATE,17,0,3:70,0.18,0.146,-0.09,-0.05,LVTPGATE,17,0,1719.9,$l=0.0405 $w=0.0150,159,LVT_pgate    ITF=LVTPGATE
R7_157,3:226,0.18,0.199,-0.09,-0.05,LVTPGATE,17,0,3:225,0.18,0.199,-0.05,-0.03,CB,245,0,343.36,$a=0.00024000,258,CB2LVT_pgate    ITF=CB2LVTPGATE
R7_158,3:226,0.18,0.199,-0.09,-0.05,LVTPGATE,17,0,3:71,0.18,0.227,-0.09,-0.05,LVTPGATE,17,0,1189.07,$l=0.0280 $w=0.0150,159,LVT_pgate    ITF=LVTPGATE
R7_159,3:66,0.18,0.027,-0.09,-0.05,LVTNGATE,17,0,3:67,0.18,0.108,-0.09,-0.05,LVTNGATE,17,0,-1401.3,$l=0.0810 $w=50.0000,158,LVT_ngate    ITF=LVTNGATE
R7_160,3:66,0.18,0.027,-0.09,-0.05,LVTNGATE,17,0,3:F48,0.18,0.0675,-0.09,-0.05,LVTNGATE,17,0,467.1,$l=0.0405 $w=0.0150,158,LVT_ngate    ITF=LVTNGATE
R7_161,3:66,0.18,0.027,-0.09,-0.05,LVTNGATE,17,0,3:58,0.18,0.0105,-0.09,-0.05,LVTNPC,17,0,253,$l=0.0165 $w=0.0150,133,LVT_NPC_par    ITF=LVTNPC
R7_162,3:F48,0.18,0.0675,-0.09,-0.05,LVTNGATE,17,0,3:67,0.18,0.108,-0.09,-0.05,LVTNGATE,17,0,467.1,$l=0.0405 $w=0.0150,158,LVT_ngate    ITF=LVTNGATE
R7_163,3:289,0.12,0.199,0.3,0.36,F4,177,0,3:290,0.12,0.199,0.21,0.25,M3,19,0,31.2,$a=0.00048400,305,MF    ITF=MF
R7_164,3:289,0.12,0.199,0.3,0.36,F4,177,0,3:325,0.12,0.235,0.3,0.36,F4,177,0,0.380337,$l=0.0360 $w=0.0800,82,F4    ITF=F4
R7_165,3:289,0.12,0.199,0.3,0.36,F4,177,0,3:287,0.12,0.055,0.3,0.36,F4,177,0,1.52135,$l=0.1440 $w=0.0800,82,F4    ITF=F4
R7_166,3:290,0.12,0.199,0.21,0.25,M3,19,0,3:285,0.18,0.199,0.21,0.25,M3,19,0,2.2476,$l=0.0600 $w=0.0270,87,M3    ITF=M3
R7_167,3:290,0.12,0.199,0.21,0.25,M3,19,0,3:3,0.08,0.199,0.21,0.25,M3,19,0,1.4984,$l=0.0400 $w=0.0270,87,M3    ITF=M3
R7_168,3:285,0.18,0.199,0.21,0.25,M3,19,0,3:277,0.18,0.199,0.1,0.15,M2,17,0,43.8786,$a=0.00040000,302,V2    ITF=V2
R7_169,3:285,0.18,0.199,0.21,0.25,M3,19,0,3:327,0.228,0.199,0.21,0.25,M3,19,0,1.79808,$l=0.0480 $w=0.0270,87,M3    ITF=M3
R7_170,3:287,0.12,0.055,0.3,0.36,F4,177,0,3:288,0.12,0.055,0.21,0.25,M3,19,0,31.2,$a=0.00048400,305,MF    ITF=MF
R7_171,3:287,0.12,0.055,0.3,0.36,F4,177,0,3:1,0.12,0.019,0.3,0.36,F4,177,0,0.380337,$l=0.0360 $w=0.0800,82,F4    ITF=F4
R7_172,3:288,0.12,0.055,0.21,0.25,M3,19,0,3:283,0.06,0.055,0.21,0.25,M3,19,0,2.2476,$l=0.0600 $w=0.0270,87,M3    ITF=M3
R7_173,3:288,0.12,0.055,0.21,0.25,M3,19,0,3:326,0.16,0.055,0.21,0.25,M3,19,0,1.4984,$l=0.0400 $w=0.0270,87,M3    ITF=M3
R7_174,3:283,0.06,0.055,0.21,0.25,M3,19,0,3:263,0.06,0.055,0.1,0.15,M2,17,0,43.8786,$a=0.00040000,302,V2    ITF=V2
R7_175,3:283,0.06,0.055,0.21,0.25,M3,19,0,3:2,0.012,0.055,0.21,0.25,M3,19,0,1.79808,$l=0.0480 $w=0.0270,87,M3    ITF=M3
R7_176,3:277,0.18,0.199,0.1,0.15,M2,17,0,3:245,0.18,0.199,0,0.04,M1,15,0,38.25,$a=0.00040000,299,V1    ITF=V1
R7_177,3:277,0.18,0.199,0.1,0.15,M2,17,0,3:329,0.228,0.199,0.1,0.15,M2,17,0,3.40613,$l=0.0480 $w=0.0270,95,M2    ITF=M2
R7_178,3:277,0.18,0.199,0.1,0.15,M2,17,0,3:9,0.132,0.199,0.1,0.15,M2,17,0,3.40613,$l=0.0480 $w=0.0270,95,M2    ITF=M2
R7_179,3:245,0.18,0.199,0,0.04,M1,15,0,3:229,0.18,0.199,-0.03,0,VA,685,1,81,$a=0.00019600,292,M12VB_other    ITF=M12VA
R7_180,3:245,0.18,0.199,0,0.04,M1,15,0,3:331,0.228,0.199,0,0.04,M1,15,0,8.42418,$l=0.0480 $w=0.0200,106,M1_E1_PEX    ITF=M1
R7_181,3:245,0.18,0.199,0,0.04,M1,15,0,3:13,0.132,0.199,0,0.04,M1,15,0,8.42418,$l=0.0480 $w=0.0200,106,M1_E1_PEX    ITF=M1
R7_182,3:263,0.06,0.055,0.1,0.15,M2,17,0,3:264,0.06,0.055,0,0.04,M1,15,0,38.25,$a=0.00040000,299,V1    ITF=V1
R7_183,3:263,0.06,0.055,0.1,0.15,M2,17,0,3:328,0.108,0.055,0.1,0.15,M2,17,0,3.40613,$l=0.0480 $w=0.0270,95,M2    ITF=M2
R7_184,3:263,0.06,0.055,0.1,0.15,M2,17,0,3:7,0.012,0.055,0.1,0.15,M2,17,0,3.40613,$l=0.0480 $w=0.0270,95,M2    ITF=M2
R7_185,3:264,0.06,0.055,0,0.04,M1,15,0,3:249,0.09,0.055,0,0.04,M1,15,0,5.26512,$l=0.0300 $w=0.0200,106,M1_E1_PEX    ITF=M1
R7_186,3:264,0.06,0.055,0,0.04,M1,15,0,3:10,0.012,0.055,0,0.04,M1,15,0,8.42418,$l=0.0480 $w=0.0200,106,M1_E1_PEX    ITF=M1
R7_187,3:249,0.09,0.055,0,0.04,M1,15,0,3:330,0.108,0.055,0,0.04,M1,15,0,3.15907,$l=0.0180 $w=0.0200,106,M1_E1_PEX    ITF=M1
R7_188,3:249,0.09,0.055,0,0.04,M1,15,0,3:233,0.09,0.055,-0.03,0,VA,685,1,31,$a=0.00036000,295,M12VA_N    ITF=M12VA
R7_189,3:229,0.18,0.199,-0.03,0,VA,685,1,3:333,0.187,0.199,-0.03,0,VA,685,1,8.35001,$l=0.0070 $w=0.0140,117,VB_CB_PC_other    ITF=VA
R7_190,3:229,0.18,0.199,-0.03,0,VA,685,1,3:225,0.18,0.199,-0.05,-0.03,CB,245,0,30,$a=0.00019600,285,VB2CB_other    ITF=VA2CB
R7_191,3:229,0.18,0.199,-0.03,0,VA,685,1,3:22,0.173,0.199,-0.03,0,VA,685,1,8.35001,$l=0.0070 $w=0.0140,117,VB_CB_PC_other    ITF=VA
R7_192,3:233,0.09,0.055,-0.03,0,VA,685,1,3:234,0.09,0.055,-0.07,-0.03,CA_LONG,729,0,21.3,$a=0.00036000,289,VA2CA_long_N    ITF=VA2CALONG
R7_193,3:233,0.09,0.055,-0.03,0,VA,685,1,3:332,0.09,0.065,-0.03,0,VA,685,1,9.27778,$l=0.0100 $w=0.0180,114,VA_CA_N    ITF=VA
R7_194,3:233,0.09,0.055,-0.03,0,VA,685,1,3:19,0.09,0.045,-0.03,0,VA,685,1,9.27778,$l=0.0100 $w=0.0180,114,VA_CA_N    ITF=VA
R7_195,3:234,0.09,0.055,-0.07,-0.03,CA_LONG,729,0,3:153,0.09,0.0625,-0.07,-0.03,CA_LONG,729,0,6.9,$l=0.0075 $w=0.0200,121,CA_long_N    ITF=CA_LONG
R7_196,3:234,0.09,0.055,-0.07,-0.03,CA_LONG,729,0,3:151,0.09,0.0475,-0.07,-0.03,CA_LONG,729,0,6.9,$l=0.0075 $w=0.0200,121,CA_long_N    ITF=CA_LONG
R7_197,3:225,0.18,0.199,-0.05,-0.03,CB,245,0,3:337,0.188,0.199,-0.05,-0.03,CB,245,0,12.7,$l=0.0080 $w=0.0160,130,CB_other    ITF=CB
R7_198,3:225,0.18,0.199,-0.05,-0.03,CB,245,0,3:55,0.172,0.199,-0.05,-0.03,CB,245,0,12.7,$l=0.0080 $w=0.0160,130,CB_other    ITF=CB
R7_199,3:153,0.09,0.0625,-0.07,-0.03,CA_LONG,729,0,3:154,0.09,0.0625,-0.09,-0.07,CA_N,14,0,32,$a=0.00030000,244,CA2CA_N    ITF=CALONG2CA_N
R7_200,3:153,0.09,0.0625,-0.07,-0.03,CA_LONG,729,0,3:334,0.09,0.07,-0.07,-0.03,CA_LONG,729,0,6.9,$l=0.0075 $w=0.0200,121,CA_long_N    ITF=CA_LONG
R7_201,3:154,0.09,0.0625,-0.09,-0.07,CA_N,14,0,3:93,0.09,0.0573,-0.09,-0.07,CA_N,14,0,6.578,$l=0.0052 $w=0.0200,124,CA_short_N    ITF=CA_N
R7_202,3:154,0.09,0.0625,-0.09,-0.07,CA_N,14,0,3:95,0.09,0.0776,-0.09,-0.07,CA_N,14,0,19.1015,$l=0.0151 $w=0.0200,124,CA_short_N    ITF=CA_N
R7_203,3:151,0.09,0.0475,-0.07,-0.03,CA_LONG,729,0,3:152,0.09,0.0475,-0.09,-0.07,CA_N,14,0,32,$a=0.00030000,244,CA2CA_N    ITF=CALONG2CA_N
R7_204,3:151,0.09,0.0475,-0.07,-0.03,CA_LONG,729,0,3:27,0.09,0.04,-0.07,-0.03,CA_LONG,729,0,6.9,$l=0.0075 $w=0.0200,121,CA_long_N    ITF=CA_LONG
R7_205,3:152,0.09,0.0475,-0.09,-0.07,CA_N,14,0,3:91,0.09,0.0371,-0.09,-0.07,CA_N,14,0,13.156,$l=0.0104 $w=0.0200,124,CA_short_N    ITF=CA_N
R7_206,3:152,0.09,0.0475,-0.09,-0.07,CA_N,14,0,3:93,0.09,0.0573,-0.09,-0.07,CA_N,14,0,12.397,$l=0.0098 $w=0.0200,124,CA_short_N    ITF=CA_N
R7_207,3:91,0.09,0.0371,-0.09,-0.07,CA_N,14,0,3,0.09,0.027,-0.09,-0.07,CA_N,14,0,12.7765,$l=0.0101 $w=0.0200,124,CA_short_N    ITF=CA_N
R7_208,3:127,0.09,0.1966,-0.09,-0.07,CA_P,14,0,3:125,0.09,0.1763,-0.09,-0.07,CA_P,14,0,25.6795,$l=0.0203 $w=0.0200,125,CA_short_P    ITF=CA_P
R7_209,3:125,0.09,0.1763,-0.09,-0.07,CA_P,14,0,3:123,0.09,0.1561,-0.09,-0.07,CA_P,14,0,25.553,$l=0.0202 $w=0.0200,125,CA_short_P    ITF=CA_P
R7_210,3:123,0.09,0.1561,-0.09,-0.07,CA_P,14,0,3:37,0.09,0.146,-0.09,-0.07,CA_P,14,0,12.7765,$l=0.0101 $w=0.0200,125,CA_short_P    ITF=CA_P
R7_211,3:59,0.18,0.127,-0.09,-0.05,LVTNPC,17,0,3:67,0.18,0.108,-0.09,-0.05,LVTNGATE,17,0,291.333,$l=0.0190 $w=0.0150,133,LVT_NPC_par    ITF=LVTNPC
R7_212,3:59,0.18,0.127,-0.09,-0.05,LVTNPC,17,0,3:70,0.18,0.146,-0.09,-0.05,LVTPGATE,17,0,201.4,$l=0.0190 $w=0.0150,138,LVT_PPC_par    ITF=LVTPPC
R7_213,3:43,0.09,0.127,-0.09,-0.07,CA_P_STI,14,0,3:37,0.09,0.146,-0.09,-0.07,CA_P,14,0,13.205,$l=0.0190 $w=0.0200,129,CA_short_P_woRX    ITF=CA_P_STI
R7_214,3:43,0.09,0.127,-0.09,-0.07,CA_P_STI,14,0,3:33,0.09,0.108,-0.09,-0.07,CA_N,14,0,13.205,$l=0.0190 $w=0.0200,128,CA_short_N_woRX    ITF=CA_N_STI
R7_215,3:71,0.18,0.227,-0.09,-0.05,LVTPGATE,17,0,3:63,0.18,0.2435,-0.09,-0.05,LVTPPC,17,0,174.9,$l=0.0165 $w=0.0150,138,LVT_PPC_par    ITF=LVTPPC
R8_216,4:F34,0.06,0.1865,-0.09,-0.05,LVTPGATE,17,0,4:224,0.06,0.199,-0.09,-0.05,LVTPGATE,17,0,530.833,$l=0.0125 $w=0.0150,159,LVT_pgate    ITF=LVTPGATE
R8_217,4:F34,0.06,0.1865,-0.09,-0.05,LVTPGATE,17,0,4:68,0.06,0.146,-0.09,-0.05,LVTPGATE,17,0,1719.9,$l=0.0405 $w=0.0150,159,LVT_pgate    ITF=LVTPGATE
R8_218,4:224,0.06,0.199,-0.09,-0.05,LVTPGATE,17,0,4:223,0.06,0.199,-0.05,-0.03,CB,245,0,343.36,$a=0.00024000,258,CB2LVT_pgate    ITF=CB2LVTPGATE
R8_219,4:224,0.06,0.199,-0.09,-0.05,LVTPGATE,17,0,4:69,0.06,0.227,-0.09,-0.05,LVTPGATE,17,0,1189.07,$l=0.0280 $w=0.0150,159,LVT_pgate    ITF=LVTPGATE
R8_220,4:F30,0.06,0.0675,-0.09,-0.05,LVTNGATE,17,0,4:64,0.06,0.027,-0.09,-0.05,LVTNGATE,17,0,467.1,$l=0.0405 $w=0.0150,158,LVT_ngate    ITF=LVTNGATE
R8_221,4:F30,0.06,0.0675,-0.09,-0.05,LVTNGATE,17,0,4:65,0.06,0.108,-0.09,-0.05,LVTNGATE,17,0,467.1,$l=0.0405 $w=0.0150,158,LVT_ngate    ITF=LVTNGATE
R8_222,4:64,0.06,0.027,-0.09,-0.05,LVTNGATE,17,0,4:56,0.06,0.0105,-0.09,-0.05,LVTNPC,17,0,253,$l=0.0165 $w=0.0150,133,LVT_NPC_par    ITF=LVTNPC
R8_223,4:64,0.06,0.027,-0.09,-0.05,LVTNGATE,17,0,4:65,0.06,0.108,-0.09,-0.05,LVTNGATE,17,0,-1401.3,$l=0.0810 $w=50.0000,158,LVT_ngate    ITF=LVTNGATE
R8_224,4:243,0.06,0.199,0,0.04,M1,15,0,4:265,0.06,0.199,0.1,0.15,M2,17,0,38.25,$a=0.00040000,299,V1    ITF=V1
R8_225,4:243,0.06,0.199,0,0.04,M1,15,0,4:227,0.06,0.199,-0.03,0,VA,685,1,81,$a=0.00019600,292,M12VB_other    ITF=M12VA
R8_226,4:243,0.06,0.199,0,0.04,M1,15,0,4:341,0.108,0.199,0,0.04,M1,15,0,8.42418,$l=0.0480 $w=0.0200,106,M1_E1_PEX    ITF=M1
R8_227,4:243,0.06,0.199,0,0.04,M1,15,0,4:11,0.012,0.199,0,0.04,M1,15,0,8.42418,$l=0.0480 $w=0.0200,106,M1_E1_PEX    ITF=M1
R8_228,4:265,0.06,0.199,0.1,0.15,M2,17,0,4:340,0.108,0.199,0.1,0.15,M2,17,0,3.40613,$l=0.0480 $w=0.0270,95,M2    ITF=M2
R8_229,4:265,0.06,0.199,0.1,0.15,M2,17,0,4:5,0,0.199,0.1,0.15,M2,17,0,4.25767,$l=0.0600 $w=0.0270,95,M2    ITF=M2
R8_230,4:227,0.06,0.199,-0.03,0,VA,685,1,4:342,0.067,0.199,-0.03,0,VA,685,1,8.35001,$l=0.0070 $w=0.0140,117,VB_CB_PC_other    ITF=VA
R8_231,4:227,0.06,0.199,-0.03,0,VA,685,1,4:223,0.06,0.199,-0.05,-0.03,CB,245,0,30,$a=0.00019600,285,VB2CB_other    ITF=VA2CB
R8_232,4:227,0.06,0.199,-0.03,0,VA,685,1,4:18,0.053,0.199,-0.03,0,VA,685,1,8.35001,$l=0.0070 $w=0.0140,117,VB_CB_PC_other    ITF=VA
R8_233,4:223,0.06,0.199,-0.05,-0.03,CB,245,0,4,0.068,0.199,-0.05,-0.03,CB,245,0,12.7,$l=0.0080 $w=0.0160,130,CB_other    ITF=CB
R8_234,4:223,0.06,0.199,-0.05,-0.03,CB,245,0,4:54,0.052,0.199,-0.05,-0.03,CB,245,0,12.7,$l=0.0080 $w=0.0160,130,CB_other    ITF=CB
R8_235,4:57,0.06,0.127,-0.09,-0.05,LVTNPC,17,0,4:65,0.06,0.108,-0.09,-0.05,LVTNGATE,17,0,291.333,$l=0.0190 $w=0.0150,133,LVT_NPC_par    ITF=LVTNPC
R8_236,4:57,0.06,0.127,-0.09,-0.05,LVTNPC,17,0,4:68,0.06,0.146,-0.09,-0.05,LVTPGATE,17,0,201.4,$l=0.0190 $w=0.0150,138,LVT_PPC_par    ITF=LVTPPC
R8_237,4:69,0.06,0.227,-0.09,-0.05,LVTPGATE,17,0,4:61,0.06,0.2435,-0.09,-0.05,LVTPPC,17,0,174.9,$l=0.0165 $w=0.0150,138,LVT_PPC_par    ITF=LVTPPC
R9_238,5:F51,0.1875,0.1865,-0.1,-0.09,RX,2,0,5:139,0.21,0.1561,-0.09,-0.07,CA_P,14,0,398.183,$a=0.00040400,241,CA2RX_short_P    ITF=CA_P2RX_ptype
R9_239,5:F51,0.1875,0.1865,-0.1,-0.09,RX,2,0,5:141,0.21,0.1763,-0.09,-0.07,CA_P,14,0,396.222,$a=0.00040600,241,CA2RX_short_P    ITF=CA_P2RX_ptype
R9_240,5:F51,0.1875,0.1865,-0.1,-0.09,RX,2,0,5:143,0.21,0.1966,-0.09,-0.07,CA_P,14,0,398.183,$a=0.00040400,241,CA2RX_short_P    ITF=CA_P2RX_ptype
R9_241,5:F51,0.1875,0.1865,-0.1,-0.09,RX,2,0,5:145,0.21,0.2168,-0.09,-0.07,CA_P,14,0,396.222,$a=0.00040600,241,CA2RX_short_P    ITF=CA_P2RX_ptype
R9_242,5:145,0.21,0.2168,-0.09,-0.07,CA_P,14,0,5:143,0.21,0.1966,-0.09,-0.07,CA_P,14,0,25.553,$l=0.0202 $w=0.0200,125,CA_short_P    ITF=CA_P
R9_243,5:145,0.21,0.2168,-0.09,-0.07,CA_P,14,0,5:351,0.21,0.227,-0.09,-0.07,CA_P,14,0,12.903,$l=0.0102 $w=0.0200,125,CA_short_P    ITF=CA_P
R9_244,5:113,0.21,0.0978,-0.09,-0.07,CA_N,14,0,5:F47,0.1875,0.0675,-0.1,-0.09,RX,2,0,396.222,$a=0.00040600,240,CA2RX_short_N    ITF=CA_N2RX_ntype
R9_245,5:113,0.21,0.0978,-0.09,-0.07,CA_N,14,0,5:111,0.21,0.0776,-0.09,-0.07,CA_N,14,0,25.553,$l=0.0202 $w=0.0200,124,CA_short_N    ITF=CA_N
R9_246,5:113,0.21,0.0978,-0.09,-0.07,CA_N,14,0,5:35,0.21,0.108,-0.09,-0.07,CA_N,14,0,12.903,$l=0.0102 $w=0.0200,124,CA_short_N    ITF=CA_N
R9_247,5:F47,0.1875,0.0675,-0.1,-0.09,RX,2,0,5:107,0.21,0.0371,-0.09,-0.07,CA_N,14,0,398.183,$a=0.00040400,240,CA2RX_short_N    ITF=CA_N2RX_ntype
R9_248,5:F47,0.1875,0.0675,-0.1,-0.09,RX,2,0,5:109,0.21,0.0573,-0.09,-0.07,CA_N,14,0,396.222,$a=0.00040600,240,CA2RX_short_N    ITF=CA_N2RX_ntype
R9_249,5:F47,0.1875,0.0675,-0.1,-0.09,RX,2,0,5:111,0.21,0.0776,-0.09,-0.07,CA_N,14,0,398.183,$a=0.00040400,240,CA2RX_short_N    ITF=CA_N2RX_ntype
R9_250,5:275,0.18,0.055,0.1,0.15,M2,17,0,5:276,0.18,0.055,0,0.04,M1,15,0,38.25,$a=0.00040000,299,V1    ITF=V1
R9_251,5:275,0.18,0.055,0.1,0.15,M2,17,0,5:346,0.24,0.055,0.1,0.15,M2,17,0,4.25767,$l=0.0600 $w=0.0270,95,M2    ITF=M2
R9_252,5:275,0.18,0.055,0.1,0.15,M2,17,0,5:8,0.132,0.055,0.1,0.15,M2,17,0,3.40613,$l=0.0480 $w=0.0270,95,M2    ITF=M2
R9_253,5:276,0.18,0.055,0,0.04,M1,15,0,5:253,0.21,0.055,0,0.04,M1,15,0,5.26512,$l=0.0300 $w=0.0200,106,M1_E1_PEX    ITF=M1
R9_254,5:276,0.18,0.055,0,0.04,M1,15,0,5:12,0.132,0.055,0,0.04,M1,15,0,8.42418,$l=0.0480 $w=0.0200,106,M1_E1_PEX    ITF=M1
R9_255,5:253,0.21,0.055,0,0.04,M1,15,0,5:347,0.228,0.055,0,0.04,M1,15,0,3.15907,$l=0.0180 $w=0.0200,106,M1_E1_PEX    ITF=M1
R9_256,5:253,0.21,0.055,0,0.04,M1,15,0,5:237,0.21,0.055,-0.03,0,VA,685,1,31,$a=0.00036000,295,M12VA_N    ITF=M12VA
R9_257,5:237,0.21,0.055,-0.03,0,VA,685,1,5:238,0.21,0.055,-0.07,-0.03,CA_LONG,729,0,21.3,$a=0.00036000,289,VA2CA_long_N    ITF=VA2CALONG
R9_258,5:237,0.21,0.055,-0.03,0,VA,685,1,5:348,0.21,0.065,-0.03,0,VA,685,1,9.27778,$l=0.0100 $w=0.0180,114,VA_CA_N    ITF=VA
R9_259,5:237,0.21,0.055,-0.03,0,VA,685,1,5:23,0.21,0.045,-0.03,0,VA,685,1,9.27778,$l=0.0100 $w=0.0180,114,VA_CA_N    ITF=VA
R9_260,5:238,0.21,0.055,-0.07,-0.03,CA_LONG,729,0,5:161,0.21,0.0625,-0.07,-0.03,CA_LONG,729,0,6.9,$l=0.0075 $w=0.0200,121,CA_long_N    ITF=CA_LONG
R9_261,5:238,0.21,0.055,-0.07,-0.03,CA_LONG,729,0,5:159,0.21,0.0475,-0.07,-0.03,CA_LONG,729,0,6.9,$l=0.0075 $w=0.0200,121,CA_long_N    ITF=CA_LONG
R9_262,5:161,0.21,0.0625,-0.07,-0.03,CA_LONG,729,0,5:162,0.21,0.0625,-0.09,-0.07,CA_N,14,0,32,$a=0.00030000,244,CA2CA_N    ITF=CALONG2CA_N
R9_263,5:161,0.21,0.0625,-0.07,-0.03,CA_LONG,729,0,5:349,0.21,0.07,-0.07,-0.03,CA_LONG,729,0,6.9,$l=0.0075 $w=0.0200,121,CA_long_N    ITF=CA_LONG
R9_264,5:162,0.21,0.0625,-0.09,-0.07,CA_N,14,0,5:109,0.21,0.0573,-0.09,-0.07,CA_N,14,0,6.578,$l=0.0052 $w=0.0200,124,CA_short_N    ITF=CA_N
R9_265,5:162,0.21,0.0625,-0.09,-0.07,CA_N,14,0,5:111,0.21,0.0776,-0.09,-0.07,CA_N,14,0,19.1015,$l=0.0151 $w=0.0200,124,CA_short_N    ITF=CA_N
R9_266,5:159,0.21,0.0475,-0.07,-0.03,CA_LONG,729,0,5:160,0.21,0.0475,-0.09,-0.07,CA_N,14,0,32,$a=0.00030000,244,CA2CA_N    ITF=CALONG2CA_N
R9_267,5:159,0.21,0.0475,-0.07,-0.03,CA_LONG,729,0,5:31,0.21,0.04,-0.07,-0.03,CA_LONG,729,0,6.9,$l=0.0075 $w=0.0200,121,CA_long_N    ITF=CA_LONG
R9_268,5:160,0.21,0.0475,-0.09,-0.07,CA_N,14,0,5:107,0.21,0.0371,-0.09,-0.07,CA_N,14,0,13.156,$l=0.0104 $w=0.0200,124,CA_short_N    ITF=CA_N
R9_269,5:160,0.21,0.0475,-0.09,-0.07,CA_N,14,0,5:109,0.21,0.0573,-0.09,-0.07,CA_N,14,0,12.397,$l=0.0098 $w=0.0200,124,CA_short_N    ITF=CA_N
R9_270,5:107,0.21,0.0371,-0.09,-0.07,CA_N,14,0,5,0.21,0.027,-0.09,-0.07,CA_N,14,0,12.7765,$l=0.0101 $w=0.0200,124,CA_short_N    ITF=CA_N
R9_271,5:143,0.21,0.1966,-0.09,-0.07,CA_P,14,0,5:141,0.21,0.1763,-0.09,-0.07,CA_P,14,0,25.6795,$l=0.0203 $w=0.0200,125,CA_short_P    ITF=CA_P
R9_272,5:141,0.21,0.1763,-0.09,-0.07,CA_P,14,0,5:139,0.21,0.1561,-0.09,-0.07,CA_P,14,0,25.553,$l=0.0202 $w=0.0200,125,CA_short_P    ITF=CA_P
R9_273,5:139,0.21,0.1561,-0.09,-0.07,CA_P,14,0,5:39,0.21,0.146,-0.09,-0.07,CA_P,14,0,12.7765,$l=0.0101 $w=0.0200,125,CA_short_P    ITF=CA_P
R9_274,5:48,0.21,0.127,-0.09,-0.07,CA_P_STI,14,0,5:39,0.21,0.146,-0.09,-0.07,CA_P,14,0,13.205,$l=0.0190 $w=0.0200,129,CA_short_P_woRX    ITF=CA_P_STI
R9_275,5:48,0.21,0.127,-0.09,-0.07,CA_P_STI,14,0,5:35,0.21,0.108,-0.09,-0.07,CA_N,14,0,13.205,$l=0.0190 $w=0.0200,128,CA_short_N_woRX    ITF=CA_N_STI
Cg4_1,11:F50,0.18,0.1865,-0.1,-0.09,SUBSTRATE,2,0,0,-9999.99,-9999.99,-0.1,-0.09,GND,2,0,6.73297e-20,,0,
Cg5_2,12:F16,0.12,0.1905,-0.1,-0.09,SUBSTRATE,2,0,0,-9999.99,-9999.99,-0.1,-0.09,GND,2,0,3.475e-18,,0,
C2_3,1:34,0.15,0.027,-0.09,-0.07,CA_N_STI,14,0,12:F16,0.12,0.1905,-0.1,-0.09,SUBSTRATE,2,0,1.67623e-19,,0,
Cg2_4,1:34,0.15,0.027,-0.09,-0.07,CA_N_STI,14,0,0,-9999.99,-9999.99,-0.1,-0.09,GND,2,0,3.17919e-20,,0,
C2_5,1:32,0.03,0.027,-0.09,-0.07,CA_N_STI,14,0,12:F16,0.12,0.1905,-0.1,-0.09,SUBSTRATE,2,0,4.84904e-19,,0,
Cg2_6,1:32,0.03,0.027,-0.09,-0.07,CA_N_STI,14,0,0,-9999.99,-9999.99,-0.1,-0.09,GND,2,0,5.98665e-20,,0,
C2_7,1:45,0.15,-0.018,-0.09,-0.07,CA_N_STI,14,0,12:F16,0.12,0.1905,-0.1,-0.09,SUBSTRATE,2,0,1.54351e-18,,0,
Cg2_8,1:45,0.15,-0.018,-0.09,-0.07,CA_N_STI,14,0,0,-9999.99,-9999.99,-0.1,-0.09,GND,2,0,9.00695e-19,,0,
C2_9,1:40,0.03,-0.018,-0.09,-0.07,CA_N_STI,14,0,12:F16,0.12,0.1905,-0.1,-0.09,SUBSTRATE,2,0,2.11835e-18,,0,
Cg2_10,1:40,0.03,-0.018,-0.09,-0.07,CA_N_STI,14,0,0,-9999.99,-9999.99,-0.1,-0.09,GND,2,0,8.66141e-19,,0,
C2_11,1:28,0.15,-0.002,-0.07,-0.03,CA_LONG,729,0,12:F16,0.12,0.1905,-0.1,-0.09,SUBSTRATE,2,0,6.13689e-19,,0,
Cg2_12,1:28,0.15,-0.002,-0.07,-0.03,CA_LONG,729,0,0,-9999.99,-9999.99,-0.1,-0.09,GND,2,0,1.30791e-19,,0,
C2_13,1:24,0.03,-0.002,-0.07,-0.03,CA_LONG,729,0,12:F16,0.12,0.1905,-0.1,-0.09,SUBSTRATE,2,0,1.6065e-18,,0,
Cg2_14,1:24,0.03,-0.002,-0.07,-0.03,CA_LONG,729,0,0,-9999.99,-9999.99,-0.1,-0.09,GND,2,0,2.2517e-19,,0,
C2_15,1:20,0.15,0.003,-0.03,0,VA,685,1,12:F16,0.12,0.1905,-0.1,-0.09,SUBSTRATE,2,0,1.01418e-18,,0,
C2_16,1:20,0.15,0.003,-0.03,0,VA,685,1,11:F50,0.18,0.1865,-0.1,-0.09,SUBSTRATE,2,0,5.81123e-20,,0,
Cg2_17,1:20,0.15,0.003,-0.03,0,VA,685,1,0,-9999.99,-9999.99,-0.1,-0.09,GND,2,0,1.21695e-19,,0,
C2_18,1:14,0,0,0,0.04,M1,15,0,12:F16,0.12,0.1905,-0.1,-0.09,SUBSTRATE,2,0,8.05701e-18,,0,
Cg2_19,1:14,0,0,0,0.04,M1,15,0,0,-9999.99,-9999.99,-0.1,-0.09,GND,2,0,1.85127e-19,,0,
C2_20,1:16,0.03,0.003,-0.03,0,VA,685,1,12:F16,0.12,0.1905,-0.1,-0.09,SUBSTRATE,2,0,1.00117e-18,,0,
C2_21,1:16,0.03,0.003,-0.03,0,VA,685,1,11:F50,0.18,0.1865,-0.1,-0.09,SUBSTRATE,2,0,2.08127e-20,,0,
Cg2_22,1:16,0.03,0.003,-0.03,0,VA,685,1,0,-9999.99,-9999.99,-0.1,-0.09,GND,2,0,1.2145e-19,,0,
C2_23,1:4,0,0,0.1,0.15,M2,17,0,12:F16,0.12,0.1905,-0.1,-0.09,SUBSTRATE,2,0,5.29543e-18,,0,
Cg2_24,1:4,0,0,0.1,0.15,M2,17,0,0,-9999.99,-9999.99,-0.1,-0.09,GND,2,0,1.14264e-20,,0,
C6_25,2:F53,0.1725,0.1865,-0.1,-0.09,RX,2,0,1:F49,0.1725,0.0675,-0.1,-0.09,RX,2,0,2.747e-18,,0,
C6_26,2:F53,0.1725,0.1865,-0.1,-0.09,RX,2,0,1:34,0.15,0.027,-0.09,-0.07,CA_N_STI,14,0,1.86393e-19,,0,
C6_27,2:F35,0.0525,0.1865,-0.1,-0.09,RX,2,0,1:32,0.03,0.027,-0.09,-0.07,CA_N_STI,14,0,1.86393e-19,,0,
C6_28,2:F35,0.0525,0.1865,-0.1,-0.09,RX,2,0,1:F31,0.0525,0.0675,-0.1,-0.09,RX,2,0,2.747e-18,,0,
C6_29,2:46,0.15,0.254,-0.09,-0.07,CA_P_STI,14,0,12:F16,0.12,0.1905,-0.1,-0.09,SUBSTRATE,2,0,1.13729e-18,,0,
Cg6_30,2:46,0.15,0.254,-0.09,-0.07,CA_P_STI,14,0,0,-9999.99,-9999.99,-0.1,-0.09,GND,2,0,1.71958e-18,,0,
C6_31,2:41,0.03,0.254,-0.09,-0.07,CA_P_STI,14,0,12:F16,0.12,0.1905,-0.1,-0.09,SUBSTRATE,2,0,1.42921e-18,,0,
Cg6_32,2:41,0.03,0.254,-0.09,-0.07,CA_P_STI,14,0,0,-9999.99,-9999.99,-0.1,-0.09,GND,2,0,2.76683e-20,,0,
C6_33,2:30,0.15,0.256,-0.07,-0.03,CA_LONG,729,0,12:F16,0.12,0.1905,-0.1,-0.09,SUBSTRATE,2,0,3.39456e-19,,0,
C6_34,2:30,0.15,0.256,-0.07,-0.03,CA_LONG,729,0,1:28,0.15,-0.002,-0.07,-0.03,CA_LONG,729,0,3.61339e-24,,0,
Cg6_35,2:30,0.15,0.256,-0.07,-0.03,CA_LONG,729,0,0,-9999.99,-9999.99,-0.1,-0.09,GND,2,0,9.11855e-21,,0,
C6_36,2:26,0.03,0.256,-0.07,-0.03,CA_LONG,729,0,12:F16,0.12,0.1905,-0.1,-0.09,SUBSTRATE,2,0,3.4111e-19,,0,
C6_37,2:26,0.03,0.256,-0.07,-0.03,CA_LONG,729,0,1:24,0.03,-0.002,-0.07,-0.03,CA_LONG,729,0,3.61339e-24,,0,
Cg6_38,2:26,0.03,0.256,-0.07,-0.03,CA_LONG,729,0,0,-9999.99,-9999.99,-0.1,-0.09,GND,2,0,9.17105e-21,,0,
C6_39,2:38,0.15,0.227,-0.09,-0.07,CA_P_STI,14,0,11:F50,0.18,0.1865,-0.1,-0.09,SUBSTRATE,2,0,4.78855e-19,,0,
C6_40,2:38,0.15,0.227,-0.09,-0.07,CA_P_STI,14,0,1:F49,0.1725,0.0675,-0.1,-0.09,RX,2,0,1.62687e-19,,0,
C6_41,2:38,0.15,0.227,-0.09,-0.07,CA_P_STI,14,0,1:28,0.15,-0.002,-0.07,-0.03,CA_LONG,729,0,1.35959e-19,,0,
C6_42,2:38,0.15,0.227,-0.09,-0.07,CA_P_STI,14,0,1:34,0.15,0.027,-0.09,-0.07,CA_N_STI,14,0,2.62166e-19,,0,
C6_43,2:38,0.15,0.227,-0.09,-0.07,CA_P_STI,14,0,1:45,0.15,-0.018,-0.09,-0.07,CA_N_STI,14,0,8.3202e-26,,0,
C6_44,2:38,0.15,0.227,-0.09,-0.07,CA_P_STI,14,0,12:F16,0.12,0.1905,-0.1,-0.09,SUBSTRATE,2,0,4.02163e-19,,0,
Cg6_45,2:38,0.15,0.227,-0.09,-0.07,CA_P_STI,14,0,0,-9999.99,-9999.99,-0.1,-0.09,GND,2,0,5.23504e-20,,0,
C6_46,2:36,0.03,0.227,-0.09,-0.07,CA_P_STI,14,0,11:F50,0.18,0.1865,-0.1,-0.09,SUBSTRATE,2,0,4.99067e-19,,0,
C6_47,2:36,0.03,0.227,-0.09,-0.07,CA_P_STI,14,0,1:24,0.03,-0.002,-0.07,-0.03,CA_LONG,729,0,1.35959e-19,,0,
C6_48,2:36,0.03,0.227,-0.09,-0.07,CA_P_STI,14,0,1:32,0.03,0.027,-0.09,-0.07,CA_N_STI,14,0,2.62166e-19,,0,
C6_49,2:36,0.03,0.227,-0.09,-0.07,CA_P_STI,14,0,1:F31,0.0525,0.0675,-0.1,-0.09,RX,2,0,1.62687e-19,,0,
C6_50,2:36,0.03,0.227,-0.09,-0.07,CA_P_STI,14,0,1:40,0.03,-0.018,-0.09,-0.07,CA_N_STI,14,0,8.3202e-26,,0,
C6_51,2:36,0.03,0.227,-0.09,-0.07,CA_P_STI,14,0,12:F16,0.12,0.1905,-0.1,-0.09,SUBSTRATE,2,0,1.09205e-18,,0,
Cg6_52,2:36,0.03,0.227,-0.09,-0.07,CA_P_STI,14,0,0,-9999.99,-9999.99,-0.1,-0.09,GND,2,0,1.41406e-19,,0,
C6_53,2:29,0.15,0.254,-0.07,-0.03,CA_LONG,729,0,11:F50,0.18,0.1865,-0.1,-0.09,SUBSTRATE,2,0,1.18945e-19,,0,
C6_54,2:29,0.15,0.254,-0.07,-0.03,CA_LONG,729,0,1:20,0.15,0.003,-0.03,0,VA,685,1,1.6791e-20,,0,
C6_55,2:29,0.15,0.254,-0.07,-0.03,CA_LONG,729,0,1:28,0.15,-0.002,-0.07,-0.03,CA_LONG,729,0,7.87372e-20,,0,
C6_56,2:29,0.15,0.254,-0.07,-0.03,CA_LONG,729,0,1:34,0.15,0.027,-0.09,-0.07,CA_N_STI,14,0,3.92659e-20,,0,
C6_57,2:29,0.15,0.254,-0.07,-0.03,CA_LONG,729,0,12:F16,0.12,0.1905,-0.1,-0.09,SUBSTRATE,2,0,1.99477e-19,,0,
Cg6_58,2:29,0.15,0.254,-0.07,-0.03,CA_LONG,729,0,0,-9999.99,-9999.99,-0.1,-0.09,GND,2,0,8.25573e-21,,0,
C6_59,2:25,0.03,0.254,-0.07,-0.03,CA_LONG,729,0,1:16,0.03,0.003,-0.03,0,VA,685,1,1.6791e-20,,0,
C6_60,2:25,0.03,0.254,-0.07,-0.03,CA_LONG,729,0,11:F50,0.18,0.1865,-0.1,-0.09,SUBSTRATE,2,0,1.51605e-19,,0,
C6_61,2:25,0.03,0.254,-0.07,-0.03,CA_LONG,729,0,1:24,0.03,-0.002,-0.07,-0.03,CA_LONG,729,0,7.87372e-20,,0,
C6_62,2:25,0.03,0.254,-0.07,-0.03,CA_LONG,729,0,1:32,0.03,0.027,-0.09,-0.07,CA_N_STI,14,0,3.92659e-20,,0,
C6_63,2:25,0.03,0.254,-0.07,-0.03,CA_LONG,729,0,12:F16,0.12,0.1905,-0.1,-0.09,SUBSTRATE,2,0,4.49068e-19,,0,
Cg6_64,2:25,0.03,0.254,-0.07,-0.03,CA_LONG,729,0,0,-9999.99,-9999.99,-0.1,-0.09,GND,2,0,1.58627e-20,,0,
C6_65,2:21,0.15,0.225,-0.03,0,VA,685,1,12:F16,0.12,0.1905,-0.1,-0.09,SUBSTRATE,2,0,8.29733e-19,,0,
C6_66,2:21,0.15,0.225,-0.03,0,VA,685,1,1:28,0.15,-0.002,-0.07,-0.03,CA_LONG,729,0,5.52877e-20,,0,
C6_67,2:21,0.15,0.225,-0.03,0,VA,685,1,11:F50,0.18,0.1865,-0.1,-0.09,SUBSTRATE,2,0,3.22921e-19,,0,
C6_68,2:21,0.15,0.225,-0.03,0,VA,685,1,1:20,0.15,0.003,-0.03,0,VA,685,1,2.71601e-20,,0,
Cg6_69,2:21,0.15,0.225,-0.03,0,VA,685,1,0,-9999.99,-9999.99,-0.1,-0.09,GND,2,0,3.30107e-20,,0,
C6_70,2:17,0.03,0.225,-0.03,0,VA,685,1,12:F16,0.12,0.1905,-0.1,-0.09,SUBSTRATE,2,0,8.73901e-19,,0,
C6_71,2:17,0.03,0.225,-0.03,0,VA,685,1,1:24,0.03,-0.002,-0.07,-0.03,CA_LONG,729,0,5.52877e-20,,0,
C6_72,2:17,0.03,0.225,-0.03,0,VA,685,1,11:F50,0.18,0.1865,-0.1,-0.09,SUBSTRATE,2,0,2.65744e-19,,0,
C6_73,2:17,0.03,0.225,-0.03,0,VA,685,1,1:16,0.03,0.003,-0.03,0,VA,685,1,2.71601e-20,,0,
Cg6_74,2:17,0.03,0.225,-0.03,0,VA,685,1,0,-9999.99,-9999.99,-0.1,-0.09,GND,2,0,3.27651e-20,,0,
C6_75,2:15,0,0.254,0,0.04,M1,15,0,11:F50,0.18,0.1865,-0.1,-0.09,SUBSTRATE,2,0,7.77196e-19,,0,
C6_76,2:15,0,0.254,0,0.04,M1,15,0,1:24,0.03,-0.002,-0.07,-0.03,CA_LONG,729,0,1.13792e-21,,0,
C6_77,2:15,0,0.254,0,0.04,M1,15,0,1:28,0.15,-0.002,-0.07,-0.03,CA_LONG,729,0,1.13792e-21,,0,
C6_78,2:15,0,0.254,0,0.04,M1,15,0,12:F16,0.12,0.1905,-0.1,-0.09,SUBSTRATE,2,0,6.9767e-18,,0,
Cg6_79,2:15,0,0.254,0,0.04,M1,15,0,0,-9999.99,-9999.99,-0.1,-0.09,GND,2,0,4.31861e-19,,0,
C6_80,2:6,0,0.254,0.1,0.15,M2,17,0,11:F50,0.18,0.1865,-0.1,-0.09,SUBSTRATE,2,0,8.32947e-20,,0,
C6_81,2:6,0,0.254,0.1,0.15,M2,17,0,12:F16,0.12,0.1905,-0.1,-0.09,SUBSTRATE,2,0,5.30324e-18,,0,
C7_82,3:F33,0.0675,0.1865,-0.1,-0.09,RX,2,0,2:F53,0.1725,0.1865,-0.1,-0.09,RX,2,0,1.19583e-17,,0,
C7_83,3:F33,0.0675,0.1865,-0.1,-0.09,RX,2,0,2:15,0,0.254,0,0.04,M1,15,0,6.04345e-19,,0,
C7_84,3:F33,0.0675,0.1865,-0.1,-0.09,RX,2,0,2:38,0.15,0.227,-0.09,-0.07,CA_P_STI,14,0,8.31327e-19,,0,
Cg7_85,3:F33,0.0675,0.1865,-0.1,-0.09,RX,2,0,0,-9999.99,-9999.99,-0.1,-0.09,GND,2,0,6.94712e-20,,0,
C7_86,3:F29,0.0675,0.0675,-0.1,-0.09,RX,2,0,1:14,0,0,0,0.04,M1,15,0,6.31931e-19,,0,
C7_87,3:F29,0.0675,0.0675,-0.1,-0.09,RX,2,0,1:F49,0.1725,0.0675,-0.1,-0.09,RX,2,0,1.26834e-17,,0,
C7_88,3:F29,0.0675,0.0675,-0.1,-0.09,RX,2,0,1:34,0.15,0.027,-0.09,-0.07,CA_N_STI,14,0,6.75446e-19,,0,
Cg7_89,3:F29,0.0675,0.0675,-0.1,-0.09,RX,2,0,0,-9999.99,-9999.99,-0.1,-0.09,GND,2,0,3.08732e-19,,0,
C7_90,3:66,0.18,0.027,-0.09,-0.05,LVTNGATE,17,0,1:F49,0.1725,0.0675,-0.1,-0.09,RX,2,0,1.1223e-17,,0,
C7_91,3:66,0.18,0.027,-0.09,-0.05,LVTNGATE,17,0,1:34,0.15,0.027,-0.09,-0.07,CA_N_STI,14,0,1.28556e-18,,0,
C7_92,3:66,0.18,0.027,-0.09,-0.05,LVTNGATE,17,0,1:28,0.15,-0.002,-0.07,-0.03,CA_LONG,729,0,1.79556e-18,,0,
C7_93,3:59,0.18,0.127,-0.09,-0.05,LVTNPC,17,0,2:F53,0.1725,0.1865,-0.1,-0.09,RX,2,0,3.77923e-18,,0,
C7_94,3:59,0.18,0.127,-0.09,-0.05,LVTNPC,17,0,11:F50,0.18,0.1865,-0.1,-0.09,SUBSTRATE,2,0,7.29377e-19,,0,
C7_95,3:59,0.18,0.127,-0.09,-0.05,LVTNPC,17,0,1:F49,0.1725,0.0675,-0.1,-0.09,RX,2,0,3.98903e-18,,0,
C7_96,3:59,0.18,0.127,-0.09,-0.05,LVTNPC,17,0,12:F16,0.12,0.1905,-0.1,-0.09,SUBSTRATE,2,0,2.13591e-18,,0,
Cg7_97,3:59,0.18,0.127,-0.09,-0.05,LVTNPC,17,0,0,-9999.99,-9999.99,-0.1,-0.09,GND,2,0,6.00153e-20,,0,
C7_98,3:67,0.18,0.108,-0.09,-0.05,LVTNGATE,17,0,1:F49,0.1725,0.0675,-0.1,-0.09,RX,2,0,1.1223e-17,,0,
C7_99,3:67,0.18,0.108,-0.09,-0.05,LVTNGATE,17,0,1:34,0.15,0.027,-0.09,-0.07,CA_N_STI,14,0,1.28556e-18,,0,
C7_100,3:67,0.18,0.108,-0.09,-0.05,LVTNGATE,17,0,1:28,0.15,-0.002,-0.07,-0.03,CA_LONG,729,0,1.79556e-18,,0,
C7_101,3:43,0.09,0.127,-0.09,-0.07,CA_P_STI,14,0,12:F16,0.12,0.1905,-0.1,-0.09,SUBSTRATE,2,0,2.14627e-19,,0,
C7_102,3:43,0.09,0.127,-0.09,-0.07,CA_P_STI,14,0,11:F50,0.18,0.1865,-0.1,-0.09,SUBSTRATE,2,0,1.45246e-19,,0,
Cg7_103,3:43,0.09,0.127,-0.09,-0.07,CA_P_STI,14,0,0,-9999.99,-9999.99,-0.1,-0.09,GND,2,0,6.07854e-20,,0,
C7_104,3:71,0.18,0.227,-0.09,-0.05,LVTPGATE,17,0,2:38,0.15,0.227,-0.09,-0.07,CA_P_STI,14,0,2.34889e-18,,0,
C7_105,3:71,0.18,0.227,-0.09,-0.05,LVTPGATE,17,0,2:F53,0.1725,0.1865,-0.1,-0.09,RX,2,0,1.4355e-17,,0,
C7_106,3:71,0.18,0.227,-0.09,-0.05,LVTPGATE,17,0,2:29,0.15,0.254,-0.07,-0.03,CA_LONG,729,0,3.53462e-19,,0,
C7_107,3:71,0.18,0.227,-0.09,-0.05,LVTPGATE,17,0,2:15,0,0.254,0,0.04,M1,15,0,3.92475e-20,,0,
C7_108,3:70,0.18,0.146,-0.09,-0.05,LVTPGATE,17,0,2:38,0.15,0.227,-0.09,-0.07,CA_P_STI,14,0,2.34889e-18,,0,
C7_109,3:70,0.18,0.146,-0.09,-0.05,LVTPGATE,17,0,2:F53,0.1725,0.1865,-0.1,-0.09,RX,2,0,1.4355e-17,,0,
C7_110,3:70,0.18,0.146,-0.09,-0.05,LVTPGATE,17,0,2:29,0.15,0.254,-0.07,-0.03,CA_LONG,729,0,3.53462e-19,,0,
C7_111,3:37,0.09,0.146,-0.09,-0.07,CA_P,14,0,2:15,0,0.254,0,0.04,M1,15,0,8.34255e-20,,0,
C7_112,3:37,0.09,0.146,-0.09,-0.07,CA_P,14,0,2:F53,0.1725,0.1865,-0.1,-0.09,RX,2,0,8.83677e-19,,0,
C7_113,3:37,0.09,0.146,-0.09,-0.07,CA_P,14,0,11:F50,0.18,0.1865,-0.1,-0.09,SUBSTRATE,2,0,1.28464e-19,,0,
C7_114,3:37,0.09,0.146,-0.09,-0.07,CA_P,14,0,2:29,0.15,0.254,-0.07,-0.03,CA_LONG,729,0,1.31594e-19,,0,
C7_115,3:37,0.09,0.146,-0.09,-0.07,CA_P,14,0,2:F35,0.0525,0.1865,-0.1,-0.09,RX,2,0,7.28798e-20,,0,
C7_116,3:37,0.09,0.146,-0.09,-0.07,CA_P,14,0,2:36,0.03,0.227,-0.09,-0.07,CA_P_STI,14,0,1.74796e-19,,0,
C7_117,3:37,0.09,0.146,-0.09,-0.07,CA_P,14,0,2:38,0.15,0.227,-0.09,-0.07,CA_P_STI,14,0,6.48776e-19,,0,
C7_118,3:37,0.09,0.146,-0.09,-0.07,CA_P,14,0,12:F16,0.12,0.1905,-0.1,-0.09,SUBSTRATE,2,0,2.10716e-19,,0,
Cg7_119,3:37,0.09,0.146,-0.09,-0.07,CA_P,14,0,0,-9999.99,-9999.99,-0.1,-0.09,GND,2,0,8.50993e-19,,0,
C7_120,3:55,0.172,0.199,-0.05,-0.03,CB,245,0,11:F50,0.18,0.1865,-0.1,-0.09,SUBSTRATE,2,0,4.74587e-20,,0,
C7_121,3:55,0.172,0.199,-0.05,-0.03,CB,245,0,2:38,0.15,0.227,-0.09,-0.07,CA_P_STI,14,0,2.96425e-19,,0,
C7_122,3:55,0.172,0.199,-0.05,-0.03,CB,245,0,12:F16,0.12,0.1905,-0.1,-0.09,SUBSTRATE,2,0,8.18552e-20,,0,
Cg7_123,3:55,0.172,0.199,-0.05,-0.03,CB,245,0,0,-9999.99,-9999.99,-0.1,-0.09,GND,2,0,3.47149e-21,,0,
C7_124,3:58,0.18,0.0105,-0.09,-0.05,LVTNPC,17,0,12:F16,0.12,0.1905,-0.1,-0.09,SUBSTRATE,2,0,1.68859e-18,,0,
C7_125,3:58,0.18,0.0105,-0.09,-0.05,LVTNPC,17,0,1:F49,0.1725,0.0675,-0.1,-0.09,RX,2,0,1.67747e-18,,0,
C7_126,3:58,0.18,0.0105,-0.09,-0.05,LVTNPC,17,0,1:45,0.15,-0.018,-0.09,-0.07,CA_N_STI,14,0,5.57446e-18,,0,
C7_127,3:58,0.18,0.0105,-0.09,-0.05,LVTNPC,17,0,1:28,0.15,-0.002,-0.07,-0.03,CA_LONG,729,0,1.44414e-18,,0,
Cg7_128,3:58,0.18,0.0105,-0.09,-0.05,LVTNPC,17,0,0,-9999.99,-9999.99,-0.1,-0.09,GND,2,0,3.57653e-20,,0,
C7_129,3:33,0.09,0.108,-0.09,-0.07,CA_N,14,0,1:F49,0.1725,0.0675,-0.1,-0.09,RX,2,0,7.5569e-19,,0,
C7_130,3:33,0.09,0.108,-0.09,-0.07,CA_N,14,0,1:24,0.03,-0.002,-0.07,-0.03,CA_LONG,729,0,8.35439e-20,,0,
C7_131,3:33,0.09,0.108,-0.09,-0.07,CA_N,14,0,1:28,0.15,-0.002,-0.07,-0.03,CA_LONG,729,0,5.47792e-19,,0,
C7_132,3:33,0.09,0.108,-0.09,-0.07,CA_N,14,0,1:32,0.03,0.027,-0.09,-0.07,CA_N_STI,14,0,1.35292e-19,,0,
C7_133,3:33,0.09,0.108,-0.09,-0.07,CA_N,14,0,1:34,0.15,0.027,-0.09,-0.07,CA_N_STI,14,0,3.33312e-19,,0,
C7_134,3:33,0.09,0.108,-0.09,-0.07,CA_N,14,0,1:F31,0.0525,0.0675,-0.1,-0.09,RX,2,0,8.24211e-20,,0,
C7_135,3:33,0.09,0.108,-0.09,-0.07,CA_N,14,0,12:F16,0.12,0.1905,-0.1,-0.09,SUBSTRATE,2,0,2.57056e-19,,0,
Cg7_136,3:33,0.09,0.108,-0.09,-0.07,CA_N,14,0,0,-9999.99,-9999.99,-0.1,-0.09,GND,2,0,5.64248e-19,,0,
C7_137,3:63,0.18,0.2435,-0.09,-0.05,LVTPPC,17,0,12:F16,0.12,0.1905,-0.1,-0.09,SUBSTRATE,2,0,1.08139e-18,,0,
C7_138,3:63,0.18,0.2435,-0.09,-0.05,LVTPPC,17,0,2:38,0.15,0.227,-0.09,-0.07,CA_P_STI,14,0,5.11152e-18,,0,
C7_139,3:63,0.18,0.2435,-0.09,-0.05,LVTPPC,17,0,2:29,0.15,0.254,-0.07,-0.03,CA_LONG,729,0,1.44414e-18,,0,
C7_140,3:63,0.18,0.2435,-0.09,-0.05,LVTPPC,17,0,11:F50,0.18,0.1865,-0.1,-0.09,SUBSTRATE,2,0,8.37136e-19,,0,
C7_141,3:63,0.18,0.2435,-0.09,-0.05,LVTPPC,17,0,2:F53,0.1725,0.1865,-0.1,-0.09,RX,2,0,1.58344e-18,,0,
Cg7_142,3:63,0.18,0.2435,-0.09,-0.05,LVTPPC,17,0,0,-9999.99,-9999.99,-0.1,-0.09,GND,2,0,4.05274e-20,,0,
C7_143,3:22,0.173,0.199,-0.03,0,VA,685,1,12:F16,0.12,0.1905,-0.1,-0.09,SUBSTRATE,2,0,9.0517e-19,,0,
C7_144,3:22,0.173,0.199,-0.03,0,VA,685,1,11:F50,0.18,0.1865,-0.1,-0.09,SUBSTRATE,2,0,3.05401e-19,,0,
C7_145,3:22,0.173,0.199,-0.03,0,VA,685,1,2:15,0,0.254,0,0.04,M1,15,0,5.18591e-19,,0,
Cg7_146,3:22,0.173,0.199,-0.03,0,VA,685,1,0,-9999.99,-9999.99,-0.1,-0.09,GND,2,0,3.46516e-20,,0,
C7_147,3:27,0.09,0.04,-0.07,-0.03,CA_LONG,729,0,1:14,0,0,0,0.04,M1,15,0,4.30821e-21,,0,
C7_148,3:27,0.09,0.04,-0.07,-0.03,CA_LONG,729,0,11:F50,0.18,0.1865,-0.1,-0.09,SUBSTRATE,2,0,3.67793e-20,,0,
C7_149,3:27,0.09,0.04,-0.07,-0.03,CA_LONG,729,0,1:24,0.03,-0.002,-0.07,-0.03,CA_LONG,729,0,7.28077e-19,,0,
C7_150,3:27,0.09,0.04,-0.07,-0.03,CA_LONG,729,0,1:28,0.15,-0.002,-0.07,-0.03,CA_LONG,729,0,7.95618e-19,,0,
C7_151,3:27,0.09,0.04,-0.07,-0.03,CA_LONG,729,0,1:34,0.15,0.027,-0.09,-0.07,CA_N_STI,14,0,2.46244e-19,,0,
C7_152,3:27,0.09,0.04,-0.07,-0.03,CA_LONG,729,0,12:F16,0.12,0.1905,-0.1,-0.09,SUBSTRATE,2,0,2.69994e-19,,0,
Cg7_153,3:27,0.09,0.04,-0.07,-0.03,CA_LONG,729,0,0,-9999.99,-9999.99,-0.1,-0.09,GND,2,0,3.1392e-19,,0,
C7_154,3:19,0.09,0.045,-0.03,0,VA,685,1,12:F16,0.12,0.1905,-0.1,-0.09,SUBSTRATE,2,0,4.51887e-19,,0,
C7_155,3:19,0.09,0.045,-0.03,0,VA,685,1,1:28,0.15,-0.002,-0.07,-0.03,CA_LONG,729,0,3.68055e-19,,0,
C7_156,3:19,0.09,0.045,-0.03,0,VA,685,1,11:F50,0.18,0.1865,-0.1,-0.09,SUBSTRATE,2,0,4.18772e-20,,0,
C7_157,3:19,0.09,0.045,-0.03,0,VA,685,1,1:14,0,0,0,0.04,M1,15,0,7.85476e-19,,0,
Cg7_158,3:19,0.09,0.045,-0.03,0,VA,685,1,0,-9999.99,-9999.99,-0.1,-0.09,GND,2,0,8.54557e-20,,0,
C7_159,3:13,0.132,0.199,0,0.04,M1,15,0,2:6,0,0.254,0.1,0.15,M2,17,0,7.19699e-19,,0,
C7_160,3:13,0.132,0.199,0,0.04,M1,15,0,2:F53,0.1725,0.1865,-0.1,-0.09,RX,2,0,8.15656e-19,,0,
C7_161,3:13,0.132,0.199,0,0.04,M1,15,0,2:15,0,0.254,0,0.04,M1,15,0,8.10468e-18,,0,
C7_162,3:13,0.132,0.199,0,0.04,M1,15,0,11:F50,0.18,0.1865,-0.1,-0.09,SUBSTRATE,2,0,2.69298e-19,,0,
C7_163,3:13,0.132,0.199,0,0.04,M1,15,0,1:F49,0.1725,0.0675,-0.1,-0.09,RX,2,0,1.85552e-19,,0,
C7_164,3:13,0.132,0.199,0,0.04,M1,15,0,2:21,0.15,0.225,-0.03,0,VA,685,1,8.40932e-19,,0,
C7_165,3:13,0.132,0.199,0,0.04,M1,15,0,2:38,0.15,0.227,-0.09,-0.07,CA_P_STI,14,0,3.2891e-19,,0,
C7_166,3:13,0.132,0.199,0,0.04,M1,15,0,12:F16,0.12,0.1905,-0.1,-0.09,SUBSTRATE,2,0,7.18555e-19,,0,
C7_167,3:10,0.012,0.055,0,0.04,M1,15,0,1:4,0,0,0.1,0.15,M2,17,0,7.19312e-19,,0,
C7_168,3:10,0.012,0.055,0,0.04,M1,15,0,1:14,0,0,0,0.04,M1,15,0,7.95179e-18,,0,
C7_169,3:10,0.012,0.055,0,0.04,M1,15,0,1:16,0.03,0.003,-0.03,0,VA,685,1,8.45523e-19,,0,
C7_170,3:10,0.012,0.055,0,0.04,M1,15,0,11:F50,0.18,0.1865,-0.1,-0.09,SUBSTRATE,2,0,8.30055e-20,,0,
C7_171,3:10,0.012,0.055,0,0.04,M1,15,0,1:24,0.03,-0.002,-0.07,-0.03,CA_LONG,729,0,1.2733e-18,,0,
C7_172,3:10,0.012,0.055,0,0.04,M1,15,0,1:32,0.03,0.027,-0.09,-0.07,CA_N_STI,14,0,8.93558e-20,,0,
C7_173,3:10,0.012,0.055,0,0.04,M1,15,0,2:F35,0.0525,0.1865,-0.1,-0.09,RX,2,0,1.85971e-19,,0,
C7_174,3:10,0.012,0.055,0,0.04,M1,15,0,1:F31,0.0525,0.0675,-0.1,-0.09,RX,2,0,8.64812e-19,,0,
C7_175,3:10,0.012,0.055,0,0.04,M1,15,0,12:F16,0.12,0.1905,-0.1,-0.09,SUBSTRATE,2,0,5.60366e-19,,0,
C7_176,3:9,0.132,0.199,0.1,0.15,M2,17,0,2:6,0,0.254,0.1,0.15,M2,17,0,1.16009e-17,,0,
C7_177,3:9,0.132,0.199,0.1,0.15,M2,17,0,2:15,0,0.254,0,0.04,M1,15,0,9.42996e-19,,0,
C7_178,3:9,0.132,0.199,0.1,0.15,M2,17,0,11:F50,0.18,0.1865,-0.1,-0.09,SUBSTRATE,2,0,1.54444e-19,,0,
C7_179,3:9,0.132,0.199,0.1,0.15,M2,17,0,12:F16,0.12,0.1905,-0.1,-0.09,SUBSTRATE,2,0,6.87931e-19,,0,
Cg7_180,3:9,0.132,0.199,0.1,0.15,M2,17,0,0,-9999.99,-9999.99,-0.1,-0.09,GND,2,0,5.28108e-20,,0,
C7_181,3:7,0.012,0.055,0.1,0.15,M2,17,0,1:4,0,0,0.1,0.15,M2,17,0,1.16009e-17,,0,
C7_182,3:7,0.012,0.055,0.1,0.15,M2,17,0,1:14,0,0,0,0.04,M1,15,0,9.42774e-19,,0,
C7_183,3:7,0.012,0.055,0.1,0.15,M2,17,0,11:F50,0.18,0.1865,-0.1,-0.09,SUBSTRATE,2,0,1.11172e-19,,0,
C7_184,3:7,0.012,0.055,0.1,0.15,M2,17,0,12:F16,0.12,0.1905,-0.1,-0.09,SUBSTRATE,2,0,4.63303e-19,,0,
Cg7_185,3:7,0.012,0.055,0.1,0.15,M2,17,0,0,-9999.99,-9999.99,-0.1,-0.09,GND,2,0,3.15668e-19,,0,
C7_186,3:3,0.08,0.199,0.21,0.25,M3,19,0,12:F16,0.12,0.1905,-0.1,-0.09,SUBSTRATE,2,0,2.13526e-18,,0,
C7_187,3:3,0.08,0.199,0.21,0.25,M3,19,0,11:F50,0.18,0.1865,-0.1,-0.09,SUBSTRATE,2,0,3.12526e-19,,0,
C7_188,3:3,0.08,0.199,0.21,0.25,M3,19,0,2:6,0,0.254,0.1,0.15,M2,17,0,5.27864e-18,,0,
C7_189,3:3,0.08,0.199,0.21,0.25,M3,19,0,1:4,0,0,0.1,0.15,M2,17,0,2.42063e-19,,0,
Cg7_190,3:3,0.08,0.199,0.21,0.25,M3,19,0,0,-9999.99,-9999.99,-0.1,-0.09,GND,2,0,3.8426e-19,,0,
C7_191,3:2,0.012,0.055,0.21,0.25,M3,19,0,12:F16,0.12,0.1905,-0.1,-0.09,SUBSTRATE,2,0,1.60016e-18,,0,
C7_192,3:2,0.012,0.055,0.21,0.25,M3,19,0,11:F50,0.18,0.1865,-0.1,-0.09,SUBSTRATE,2,0,2.17348e-19,,0,
C7_193,3:2,0.012,0.055,0.21,0.25,M3,19,0,2:6,0,0.254,0.1,0.15,M2,17,0,2.42063e-19,,0,
C7_194,3:2,0.012,0.055,0.21,0.25,M3,19,0,1:4,0,0,0.1,0.15,M2,17,0,5.27864e-18,,0,
Cg7_195,3:2,0.012,0.055,0.21,0.25,M3,19,0,0,-9999.99,-9999.99,-0.1,-0.09,GND,2,0,1.01454e-18,,0,
C7_196,3:1,0.12,0.019,0.3,0.36,F4,177,0,1:4,0,0,0.1,0.15,M2,17,0,1.20382e-18,,0,
C7_197,3:1,0.12,0.019,0.3,0.36,F4,177,0,2:6,0,0.254,0.1,0.15,M2,17,0,1.20382e-18,,0,
C7_198,3:1,0.12,0.019,0.3,0.36,F4,177,0,11:F50,0.18,0.1865,-0.1,-0.09,SUBSTRATE,2,0,1.00691e-18,,0,
C7_199,3:1,0.12,0.019,0.3,0.36,F4,177,0,1:34,0.15,0.027,-0.09,-0.07,CA_N_STI,14,0,1.12367e-19,,0,
C7_200,3:1,0.12,0.019,0.3,0.36,F4,177,0,2:38,0.15,0.227,-0.09,-0.07,CA_P_STI,14,0,1.17105e-19,,0,
C7_201,3:1,0.12,0.019,0.3,0.36,F4,177,0,12:F16,0.12,0.1905,-0.1,-0.09,SUBSTRATE,2,0,1.01164e-17,,0,
Cg7_202,3:1,0.12,0.019,0.3,0.36,F4,177,0,0,-9999.99,-9999.99,-0.1,-0.09,GND,2,0,1.05233e-18,,0,
C8_203,4:64,0.06,0.027,-0.09,-0.05,LVTNGATE,17,0,3:1,0.12,0.019,0.3,0.36,F4,177,0,3.74139e-20,,0,
C8_204,4:64,0.06,0.027,-0.09,-0.05,LVTNGATE,17,0,3:10,0.012,0.055,0,0.04,M1,15,0,5.26386e-20,,0,
C8_205,4:64,0.06,0.027,-0.09,-0.05,LVTNGATE,17,0,1:24,0.03,-0.002,-0.07,-0.03,CA_LONG,729,0,1.79556e-18,,0,
C8_206,4:64,0.06,0.027,-0.09,-0.05,LVTNGATE,17,0,3:27,0.09,0.04,-0.07,-0.03,CA_LONG,729,0,1.25556e-18,,0,
C8_207,4:64,0.06,0.027,-0.09,-0.05,LVTNGATE,17,0,1:32,0.03,0.027,-0.09,-0.07,CA_N_STI,14,0,1.28556e-18,,0,
C8_208,4:64,0.06,0.027,-0.09,-0.05,LVTNGATE,17,0,3:33,0.09,0.108,-0.09,-0.07,CA_N,14,0,1.41144e-18,,0,
C8_209,4:64,0.06,0.027,-0.09,-0.05,LVTNGATE,17,0,1:F31,0.0525,0.0675,-0.1,-0.09,RX,2,0,1.1223e-17,,0,
C8_210,4:64,0.06,0.027,-0.09,-0.05,LVTNGATE,17,0,3:F29,0.0675,0.0675,-0.1,-0.09,RX,2,0,1.1223e-17,,0,
C8_211,4:57,0.06,0.127,-0.09,-0.05,LVTNPC,17,0,3:1,0.12,0.019,0.3,0.36,F4,177,0,1.44149e-19,,0,
C8_212,4:57,0.06,0.127,-0.09,-0.05,LVTNPC,17,0,3:59,0.18,0.127,-0.09,-0.05,LVTNPC,17,0,1.61568e-19,,0,
C8_213,4:57,0.06,0.127,-0.09,-0.05,LVTNPC,17,0,11:F50,0.18,0.1865,-0.1,-0.09,SUBSTRATE,2,0,6.29371e-19,,0,
C8_214,4:57,0.06,0.127,-0.09,-0.05,LVTNPC,17,0,2:F35,0.0525,0.1865,-0.1,-0.09,RX,2,0,3.77923e-18,,0,
C8_215,4:57,0.06,0.127,-0.09,-0.05,LVTNPC,17,0,3:F33,0.0675,0.1865,-0.1,-0.09,RX,2,0,1.5616e-18,,0,
C8_216,4:57,0.06,0.127,-0.09,-0.05,LVTNPC,17,0,1:F31,0.0525,0.0675,-0.1,-0.09,RX,2,0,3.98903e-18,,0,
C8_217,4:57,0.06,0.127,-0.09,-0.05,LVTNPC,17,0,3:F29,0.0675,0.0675,-0.1,-0.09,RX,2,0,1.62601e-18,,0,
C8_218,4:57,0.06,0.127,-0.09,-0.05,LVTNPC,17,0,3:43,0.09,0.127,-0.09,-0.07,CA_P_STI,14,0,9.30372e-18,,0,
C8_219,4:57,0.06,0.127,-0.09,-0.05,LVTNPC,17,0,12:F16,0.12,0.1905,-0.1,-0.09,SUBSTRATE,2,0,2.23544e-18,,0,
C8_220,4:65,0.06,0.108,-0.09,-0.05,LVTNGATE,17,0,3:1,0.12,0.019,0.3,0.36,F4,177,0,3.74139e-20,,0,
C8_221,4:65,0.06,0.108,-0.09,-0.05,LVTNGATE,17,0,3:10,0.012,0.055,0,0.04,M1,15,0,5.26386e-20,,0,
C8_222,4:65,0.06,0.108,-0.09,-0.05,LVTNGATE,17,0,1:24,0.03,-0.002,-0.07,-0.03,CA_LONG,729,0,1.79556e-18,,0,
C8_223,4:65,0.06,0.108,-0.09,-0.05,LVTNGATE,17,0,3:27,0.09,0.04,-0.07,-0.03,CA_LONG,729,0,1.25556e-18,,0,
C8_224,4:65,0.06,0.108,-0.09,-0.05,LVTNGATE,17,0,1:32,0.03,0.027,-0.09,-0.07,CA_N_STI,14,0,1.28556e-18,,0,
C8_225,4:65,0.06,0.108,-0.09,-0.05,LVTNGATE,17,0,3:33,0.09,0.108,-0.09,-0.07,CA_N,14,0,1.41144e-18,,0,
C8_226,4:65,0.06,0.108,-0.09,-0.05,LVTNGATE,17,0,1:F31,0.0525,0.0675,-0.1,-0.09,RX,2,0,1.1223e-17,,0,
C8_227,4:65,0.06,0.108,-0.09,-0.05,LVTNGATE,17,0,3:F29,0.0675,0.0675,-0.1,-0.09,RX,2,0,1.1223e-17,,0,
C8_228,4:69,0.06,0.227,-0.09,-0.05,LVTPGATE,17,0,3:1,0.12,0.019,0.3,0.36,F4,177,0,3.69152e-20,,0,
C8_229,4:69,0.06,0.227,-0.09,-0.05,LVTPGATE,17,0,3:55,0.172,0.199,-0.05,-0.03,CB,245,0,7.18981e-20,,0,
C8_230,4:69,0.06,0.227,-0.09,-0.05,LVTPGATE,17,0,2:25,0.03,0.254,-0.07,-0.03,CA_LONG,729,0,3.53462e-19,,0,
C8_231,4:69,0.06,0.227,-0.09,-0.05,LVTPGATE,17,0,2:F35,0.0525,0.1865,-0.1,-0.09,RX,2,0,1.4355e-17,,0,
C8_232,4:69,0.06,0.227,-0.09,-0.05,LVTPGATE,17,0,3:F33,0.0675,0.1865,-0.1,-0.09,RX,2,0,1.4355e-17,,0,
C8_233,4:69,0.06,0.227,-0.09,-0.05,LVTPGATE,17,0,2:36,0.03,0.227,-0.09,-0.07,CA_P_STI,14,0,2.43459e-18,,0,
C8_234,4:69,0.06,0.227,-0.09,-0.05,LVTPGATE,17,0,3:37,0.09,0.146,-0.09,-0.07,CA_P,14,0,2.46231e-18,,0,
C8_235,4:68,0.06,0.146,-0.09,-0.05,LVTPGATE,17,0,3:1,0.12,0.019,0.3,0.36,F4,177,0,3.69152e-20,,0,
C8_236,4:68,0.06,0.146,-0.09,-0.05,LVTPGATE,17,0,3:55,0.172,0.199,-0.05,-0.03,CB,245,0,7.18981e-20,,0,
C8_237,4:68,0.06,0.146,-0.09,-0.05,LVTPGATE,17,0,2:25,0.03,0.254,-0.07,-0.03,CA_LONG,729,0,3.53462e-19,,0,
C8_238,4:68,0.06,0.146,-0.09,-0.05,LVTPGATE,17,0,2:F35,0.0525,0.1865,-0.1,-0.09,RX,2,0,1.4355e-17,,0,
C8_239,4:68,0.06,0.146,-0.09,-0.05,LVTPGATE,17,0,3:F33,0.0675,0.1865,-0.1,-0.09,RX,2,0,1.4355e-17,,0,
C8_240,4:68,0.06,0.146,-0.09,-0.05,LVTPGATE,17,0,2:36,0.03,0.227,-0.09,-0.07,CA_P_STI,14,0,2.43459e-18,,0,
C8_241,4:68,0.06,0.146,-0.09,-0.05,LVTPGATE,17,0,3:37,0.09,0.146,-0.09,-0.07,CA_P,14,0,2.46231e-18,,0,
C8_242,4:61,0.06,0.2435,-0.09,-0.05,LVTPPC,17,0,3:63,0.18,0.2435,-0.09,-0.05,LVTPPC,17,0,2.26793e-20,,0,
C8_243,4:61,0.06,0.2435,-0.09,-0.05,LVTPPC,17,0,11:F50,0.18,0.1865,-0.1,-0.09,SUBSTRATE,2,0,9.82673e-19,,0,
C8_244,4:61,0.06,0.2435,-0.09,-0.05,LVTPPC,17,0,2:21,0.15,0.225,-0.03,0,VA,685,1,1.17038e-19,,0,
C8_245,4:61,0.06,0.2435,-0.09,-0.05,LVTPPC,17,0,2:25,0.03,0.254,-0.07,-0.03,CA_LONG,729,0,1.36015e-18,,0,
C8_246,4:61,0.06,0.2435,-0.09,-0.05,LVTPPC,17,0,2:29,0.15,0.254,-0.07,-0.03,CA_LONG,729,0,1.69837e-19,,0,
C8_247,4:61,0.06,0.2435,-0.09,-0.05,LVTPPC,17,0,2:F35,0.0525,0.1865,-0.1,-0.09,RX,2,0,1.58344e-18,,0,
C8_248,4:61,0.06,0.2435,-0.09,-0.05,LVTPPC,17,0,3:F33,0.0675,0.1865,-0.1,-0.09,RX,2,0,2.91175e-18,,0,
C8_249,4:61,0.06,0.2435,-0.09,-0.05,LVTPPC,17,0,2:36,0.03,0.227,-0.09,-0.07,CA_P_STI,14,0,5.11152e-18,,0,
C8_250,4:61,0.06,0.2435,-0.09,-0.05,LVTPPC,17,0,3:37,0.09,0.146,-0.09,-0.07,CA_P,14,0,4.85058e-19,,0,
C8_251,4:61,0.06,0.2435,-0.09,-0.05,LVTPPC,17,0,2:38,0.15,0.227,-0.09,-0.07,CA_P_STI,14,0,6.66619e-19,,0,
C8_252,4:61,0.06,0.2435,-0.09,-0.05,LVTPPC,17,0,12:F16,0.12,0.1905,-0.1,-0.09,SUBSTRATE,2,0,9.36207e-19,,0,
C8_253,4:56,0.06,0.0105,-0.09,-0.05,LVTNPC,17,0,3:58,0.18,0.0105,-0.09,-0.05,LVTNPC,17,0,2.26793e-20,,0,
C8_254,4:56,0.06,0.0105,-0.09,-0.05,LVTNPC,17,0,1:24,0.03,-0.002,-0.07,-0.03,CA_LONG,729,0,1.36015e-18,,0,
C8_255,4:56,0.06,0.0105,-0.09,-0.05,LVTNPC,17,0,3:33,0.09,0.108,-0.09,-0.07,CA_N,14,0,3.67962e-19,,0,
C8_256,4:56,0.06,0.0105,-0.09,-0.05,LVTNPC,17,0,1:F31,0.0525,0.0675,-0.1,-0.09,RX,2,0,1.67747e-18,,0,
C8_257,4:56,0.06,0.0105,-0.09,-0.05,LVTNPC,17,0,3:F29,0.0675,0.0675,-0.1,-0.09,RX,2,0,3.06282e-18,,0,
C8_258,4:56,0.06,0.0105,-0.09,-0.05,LVTNPC,17,0,1:40,0.03,-0.018,-0.09,-0.07,CA_N_STI,14,0,5.57446e-18,,0,
C8_259,4:56,0.06,0.0105,-0.09,-0.05,LVTNPC,17,0,1:45,0.15,-0.018,-0.09,-0.07,CA_N_STI,14,0,6.66619e-19,,0,
C8_260,4:56,0.06,0.0105,-0.09,-0.05,LVTNPC,17,0,12:F16,0.12,0.1905,-0.1,-0.09,SUBSTRATE,2,0,1.68909e-18,,0,
C8_261,4:54,0.052,0.199,-0.05,-0.03,CB,245,0,3:55,0.172,0.199,-0.05,-0.03,CB,245,0,7.47475e-20,,0,
C8_262,4:54,0.052,0.199,-0.05,-0.03,CB,245,0,3:10,0.012,0.055,0,0.04,M1,15,0,1.76314e-20,,0,
C8_263,4:54,0.052,0.199,-0.05,-0.03,CB,245,0,3:13,0.132,0.199,0,0.04,M1,15,0,9.32918e-21,,0,
C8_264,4:54,0.052,0.199,-0.05,-0.03,CB,245,0,3:70,0.18,0.146,-0.09,-0.05,LVTPGATE,17,0,7.18981e-20,,0,
C8_265,4:54,0.052,0.199,-0.05,-0.03,CB,245,0,11:F50,0.18,0.1865,-0.1,-0.09,SUBSTRATE,2,0,4.74587e-20,,0,
C8_266,4:54,0.052,0.199,-0.05,-0.03,CB,245,0,3:71,0.18,0.227,-0.09,-0.05,LVTPGATE,17,0,7.18981e-20,,0,
C8_267,4:54,0.052,0.199,-0.05,-0.03,CB,245,0,3:22,0.173,0.199,-0.03,0,VA,685,1,4.08625e-20,,0,
C8_268,4:54,0.052,0.199,-0.05,-0.03,CB,245,0,3:F33,0.0675,0.1865,-0.1,-0.09,RX,2,0,4.47342e-20,,0,
C8_269,4:54,0.052,0.199,-0.05,-0.03,CB,245,0,2:36,0.03,0.227,-0.09,-0.07,CA_P_STI,14,0,5.66472e-19,,0,
C8_270,4:54,0.052,0.199,-0.05,-0.03,CB,245,0,3:37,0.09,0.146,-0.09,-0.07,CA_P,14,0,2.96425e-19,,0,
C8_271,4:54,0.052,0.199,-0.05,-0.03,CB,245,0,2:38,0.15,0.227,-0.09,-0.07,CA_P_STI,14,0,1.4407e-20,,0,
C8_272,4:54,0.052,0.199,-0.05,-0.03,CB,245,0,12:F16,0.12,0.1905,-0.1,-0.09,SUBSTRATE,2,0,8.18552e-20,,0,
C8_273,4:18,0.053,0.199,-0.03,0,VA,685,1,12:F16,0.12,0.1905,-0.1,-0.09,SUBSTRATE,2,0,9.0517e-19,,0,
C8_274,4:18,0.053,0.199,-0.03,0,VA,685,1,3:22,0.173,0.199,-0.03,0,VA,685,1,2.55824e-20,,0,
C8_275,4:18,0.053,0.199,-0.03,0,VA,685,1,11:F50,0.18,0.1865,-0.1,-0.09,SUBSTRATE,2,0,3.05401e-19,,0,
C8_276,4:18,0.053,0.199,-0.03,0,VA,685,1,3:55,0.172,0.199,-0.05,-0.03,CB,245,0,4.08625e-20,,0,
C8_277,4:18,0.053,0.199,-0.03,0,VA,685,1,2:15,0,0.254,0,0.04,M1,15,0,5.18591e-19,,0,
C8_278,4:18,0.053,0.199,-0.03,0,VA,685,1,3:13,0.132,0.199,0,0.04,M1,15,0,5.02594e-20,,0,
C8_279,4:18,0.053,0.199,-0.03,0,VA,685,1,3:10,0.012,0.055,0,0.04,M1,15,0,5.42483e-20,,0,
C8_280,4:11,0.012,0.199,0,0.04,M1,15,0,3:55,0.172,0.199,-0.05,-0.03,CB,245,0,7.09974e-21,,0,
C8_281,4:11,0.012,0.199,0,0.04,M1,15,0,2:6,0,0.254,0.1,0.15,M2,17,0,7.46651e-19,,0,
C8_282,4:11,0.012,0.199,0,0.04,M1,15,0,3:7,0.012,0.055,0.1,0.15,M2,17,0,4.14594e-19,,0,
C8_283,4:11,0.012,0.199,0,0.04,M1,15,0,3:9,0.132,0.199,0.1,0.15,M2,17,0,1.1755e-19,,0,
C8_284,4:11,0.012,0.199,0,0.04,M1,15,0,3:10,0.012,0.055,0,0.04,M1,15,0,8.47159e-19,,0,
C8_285,4:11,0.012,0.199,0,0.04,M1,15,0,3:13,0.132,0.199,0,0.04,M1,15,0,1.71289e-18,,0,
C8_286,4:11,0.012,0.199,0,0.04,M1,15,0,2:15,0,0.254,0,0.04,M1,15,0,8.10468e-18,,0,
C8_287,4:11,0.012,0.199,0,0.04,M1,15,0,2:17,0.03,0.225,-0.03,0,VA,685,1,8.40932e-19,,0,
C8_288,4:11,0.012,0.199,0,0.04,M1,15,0,11:F50,0.18,0.1865,-0.1,-0.09,SUBSTRATE,2,0,2.62175e-19,,0,
C8_289,4:11,0.012,0.199,0,0.04,M1,15,0,3:19,0.09,0.045,-0.03,0,VA,685,1,7.77143e-20,,0,
C8_290,4:11,0.012,0.199,0,0.04,M1,15,0,3:22,0.173,0.199,-0.03,0,VA,685,1,5.02594e-20,,0,
C8_291,4:11,0.012,0.199,0,0.04,M1,15,0,3:27,0.09,0.04,-0.07,-0.03,CA_LONG,729,0,2.12315e-20,,0,
C8_292,4:11,0.012,0.199,0,0.04,M1,15,0,2:F35,0.0525,0.1865,-0.1,-0.09,RX,2,0,8.15656e-19,,0,
C8_293,4:11,0.012,0.199,0,0.04,M1,15,0,3:F33,0.0675,0.1865,-0.1,-0.09,RX,2,0,8.15656e-19,,0,
C8_294,4:11,0.012,0.199,0,0.04,M1,15,0,2:36,0.03,0.227,-0.09,-0.07,CA_P_STI,14,0,5.0643e-19,,0,
C8_295,4:11,0.012,0.199,0,0.04,M1,15,0,3:37,0.09,0.146,-0.09,-0.07,CA_P,14,0,3.2891e-19,,0,
C8_296,4:11,0.012,0.199,0,0.04,M1,15,0,1:F31,0.0525,0.0675,-0.1,-0.09,RX,2,0,6.65531e-20,,0,
C8_297,4:11,0.012,0.199,0,0.04,M1,15,0,2:38,0.15,0.227,-0.09,-0.07,CA_P_STI,14,0,1.23571e-19,,0,
C8_298,4:11,0.012,0.199,0,0.04,M1,15,0,3:F29,0.0675,0.0675,-0.1,-0.09,RX,2,0,1.85552e-19,,0,
C8_299,4:11,0.012,0.199,0,0.04,M1,15,0,12:F16,0.12,0.1905,-0.1,-0.09,SUBSTRATE,2,0,6.78534e-19,,0,
C8_300,4:5,0,0.199,0.1,0.15,M2,17,0,3:1,0.12,0.019,0.3,0.36,F4,177,0,3.86596e-20,,0,
C8_301,4:5,0,0.199,0.1,0.15,M2,17,0,3:2,0.012,0.055,0.21,0.25,M3,19,0,1.15538e-18,,0,
C8_302,4:5,0,0.199,0.1,0.15,M2,17,0,3:3,0.08,0.199,0.21,0.25,M3,19,0,3.82923e-18,,0,
C8_303,4:5,0,0.199,0.1,0.15,M2,17,0,2:6,0,0.254,0.1,0.15,M2,17,0,1.28207e-17,,0,
C8_304,4:5,0,0.199,0.1,0.15,M2,17,0,3:7,0.012,0.055,0.1,0.15,M2,17,0,1.0449e-18,,0,
C8_305,4:5,0,0.199,0.1,0.15,M2,17,0,3:9,0.132,0.199,0.1,0.15,M2,17,0,2.07193e-18,,0,
C8_306,4:5,0,0.199,0.1,0.15,M2,17,0,3:10,0.012,0.055,0,0.04,M1,15,0,4.79654e-19,,0,
C8_307,4:5,0,0.199,0.1,0.15,M2,17,0,3:13,0.132,0.199,0,0.04,M1,15,0,1.92885e-19,,0,
C8_308,4:5,0,0.199,0.1,0.15,M2,17,0,2:15,0,0.254,0,0.04,M1,15,0,9.03978e-19,,0,
C8_309,4:5,0,0.199,0.1,0.15,M2,17,0,11:F50,0.18,0.1865,-0.1,-0.09,SUBSTRATE,2,0,1.94571e-19,,0,
C8_310,4:5,0,0.199,0.1,0.15,M2,17,0,12:F16,0.12,0.1905,-0.1,-0.09,SUBSTRATE,2,0,9.71128e-19,,0,
C9_311,5:F51,0.1875,0.1865,-0.1,-0.09,RX,2,0,3:55,0.172,0.199,-0.05,-0.03,CB,245,0,4.47342e-20,,0,
C9_312,5:F51,0.1875,0.1865,-0.1,-0.09,RX,2,0,3:59,0.18,0.127,-0.09,-0.05,LVTNPC,17,0,1.5616e-18,,0,
C9_313,5:F51,0.1875,0.1865,-0.1,-0.09,RX,2,0,3:63,0.18,0.2435,-0.09,-0.05,LVTPPC,17,0,2.91175e-18,,0,
C9_314,5:F51,0.1875,0.1865,-0.1,-0.09,RX,2,0,3:13,0.132,0.199,0,0.04,M1,15,0,8.15656e-19,,0,
C9_315,5:F51,0.1875,0.1865,-0.1,-0.09,RX,2,0,2:15,0,0.254,0,0.04,M1,15,0,6.04345e-19,,0,
C9_316,5:F51,0.1875,0.1865,-0.1,-0.09,RX,2,0,3:70,0.18,0.146,-0.09,-0.05,LVTPGATE,17,0,1.4355e-17,,0,
C9_317,5:F51,0.1875,0.1865,-0.1,-0.09,RX,2,0,3:71,0.18,0.227,-0.09,-0.05,LVTPGATE,17,0,1.4355e-17,,0,
C9_318,5:F51,0.1875,0.1865,-0.1,-0.09,RX,2,0,2:29,0.15,0.254,-0.07,-0.03,CA_LONG,729,0,9.73943e-21,,0,
C9_319,5:F51,0.1875,0.1865,-0.1,-0.09,RX,2,0,3:F33,0.0675,0.1865,-0.1,-0.09,RX,2,0,1.85978e-19,,0,
C9_320,5:F51,0.1875,0.1865,-0.1,-0.09,RX,2,0,2:38,0.15,0.227,-0.09,-0.07,CA_P_STI,14,0,4.92099e-20,,0,
Cg9_321,5:F51,0.1875,0.1865,-0.1,-0.09,RX,2,0,0,-9999.99,-9999.99,-0.1,-0.09,GND,2,0,2.45161e-19,,0,
C9_322,5:F47,0.1875,0.0675,-0.1,-0.09,RX,2,0,3:55,0.172,0.199,-0.05,-0.03,CB,245,0,4.84188e-21,,0,
C9_323,5:F47,0.1875,0.0675,-0.1,-0.09,RX,2,0,3:58,0.18,0.0105,-0.09,-0.05,LVTNPC,17,0,3.06282e-18,,0,
C9_324,5:F47,0.1875,0.0675,-0.1,-0.09,RX,2,0,3:59,0.18,0.127,-0.09,-0.05,LVTNPC,17,0,1.62601e-18,,0,
C9_325,5:F47,0.1875,0.0675,-0.1,-0.09,RX,2,0,3:66,0.18,0.027,-0.09,-0.05,LVTNGATE,17,0,1.1223e-17,,0,
C9_326,5:F47,0.1875,0.0675,-0.1,-0.09,RX,2,0,3:13,0.132,0.199,0,0.04,M1,15,0,1.85552e-19,,0,
C9_327,5:F47,0.1875,0.0675,-0.1,-0.09,RX,2,0,1:14,0,0,0,0.04,M1,15,0,6.31931e-19,,0,
C9_328,5:F47,0.1875,0.0675,-0.1,-0.09,RX,2,0,3:67,0.18,0.108,-0.09,-0.05,LVTNGATE,17,0,1.1223e-17,,0,
C9_329,5:F47,0.1875,0.0675,-0.1,-0.09,RX,2,0,1:28,0.15,-0.002,-0.07,-0.03,CA_LONG,729,0,2.75191e-20,,0,
C9_330,5:F47,0.1875,0.0675,-0.1,-0.09,RX,2,0,1:34,0.15,0.027,-0.09,-0.07,CA_N_STI,14,0,5.81639e-20,,0,
C9_331,5:F47,0.1875,0.0675,-0.1,-0.09,RX,2,0,3:F29,0.0675,0.0675,-0.1,-0.09,RX,2,0,1.87368e-19,,0,
Cg9_332,5:F47,0.1875,0.0675,-0.1,-0.09,RX,2,0,0,-9999.99,-9999.99,-0.1,-0.09,GND,2,0,2.75066e-19,,0,
C9_333,5:48,0.21,0.127,-0.09,-0.07,CA_P_STI,14,0,3:59,0.18,0.127,-0.09,-0.05,LVTNPC,17,0,9.30372e-18,,0,
C9_334,5:48,0.21,0.127,-0.09,-0.07,CA_P_STI,14,0,12:F16,0.12,0.1905,-0.1,-0.09,SUBSTRATE,2,0,1.30881e-18,,0,
C9_335,5:48,0.21,0.127,-0.09,-0.07,CA_P_STI,14,0,11:F50,0.18,0.1865,-0.1,-0.09,SUBSTRATE,2,0,2.65933e-19,,0,
Cg9_336,5:48,0.21,0.127,-0.09,-0.07,CA_P_STI,14,0,0,-9999.99,-9999.99,-0.1,-0.09,GND,2,0,8.49641e-20,,0,
C9_337,5:39,0.21,0.146,-0.09,-0.07,CA_P,14,0,3:55,0.172,0.199,-0.05,-0.03,CB,245,0,5.66471e-19,,0,
C9_338,5:39,0.21,0.146,-0.09,-0.07,CA_P,14,0,3:9,0.132,0.199,0.1,0.15,M2,17,0,3.61692e-20,,0,
C9_339,5:39,0.21,0.146,-0.09,-0.07,CA_P,14,0,3:63,0.18,0.2435,-0.09,-0.05,LVTPPC,17,0,4.85058e-19,,0,
C9_340,5:39,0.21,0.146,-0.09,-0.07,CA_P,14,0,3:13,0.132,0.199,0,0.04,M1,15,0,5.0643e-19,,0,
C9_341,5:39,0.21,0.146,-0.09,-0.07,CA_P,14,0,2:15,0,0.254,0,0.04,M1,15,0,1.04798e-19,,0,
C9_342,5:39,0.21,0.146,-0.09,-0.07,CA_P,14,0,2:F53,0.1725,0.1865,-0.1,-0.09,RX,2,0,7.28798e-20,,0,
C9_343,5:39,0.21,0.146,-0.09,-0.07,CA_P,14,0,3:70,0.18,0.146,-0.09,-0.05,LVTPGATE,17,0,2.548e-18,,0,
C9_344,5:39,0.21,0.146,-0.09,-0.07,CA_P,14,0,11:F50,0.18,0.1865,-0.1,-0.09,SUBSTRATE,2,0,1.68731e-19,,0,
C9_345,5:39,0.21,0.146,-0.09,-0.07,CA_P,14,0,3:71,0.18,0.227,-0.09,-0.05,LVTPGATE,17,0,2.548e-18,,0,
C9_346,5:39,0.21,0.146,-0.09,-0.07,CA_P,14,0,2:29,0.15,0.254,-0.07,-0.03,CA_LONG,729,0,4.28741e-20,,0,
C9_347,5:39,0.21,0.146,-0.09,-0.07,CA_P,14,0,2:38,0.15,0.227,-0.09,-0.07,CA_P_STI,14,0,1.74796e-19,,0,
C9_348,5:39,0.21,0.146,-0.09,-0.07,CA_P,14,0,12:F16,0.12,0.1905,-0.1,-0.09,SUBSTRATE,2,0,6.64256e-19,,0,
Cg9_349,5:39,0.21,0.146,-0.09,-0.07,CA_P,14,0,0,-9999.99,-9999.99,-0.1,-0.09,GND,2,0,9.00844e-19,,0,
C9_350,5:35,0.21,0.108,-0.09,-0.07,CA_N,14,0,12:F16,0.12,0.1905,-0.1,-0.09,SUBSTRATE,2,0,6.7066e-19,,0,
C9_351,5:35,0.21,0.108,-0.09,-0.07,CA_N,14,0,1:F49,0.1725,0.0675,-0.1,-0.09,RX,2,0,8.24211e-20,,0,
C9_352,5:35,0.21,0.108,-0.09,-0.07,CA_N,14,0,3:67,0.18,0.108,-0.09,-0.05,LVTNGATE,17,0,1.41144e-18,,0,
C9_353,5:35,0.21,0.108,-0.09,-0.07,CA_N,14,0,3:66,0.18,0.027,-0.09,-0.05,LVTNGATE,17,0,1.41144e-18,,0,
C9_354,5:35,0.21,0.108,-0.09,-0.07,CA_N,14,0,1:34,0.15,0.027,-0.09,-0.07,CA_N_STI,14,0,1.35292e-19,,0,
C9_355,5:35,0.21,0.108,-0.09,-0.07,CA_N,14,0,3:58,0.18,0.0105,-0.09,-0.05,LVTNPC,17,0,3.67962e-19,,0,
C9_356,5:35,0.21,0.108,-0.09,-0.07,CA_N,14,0,1:28,0.15,-0.002,-0.07,-0.03,CA_LONG,729,0,8.35439e-20,,0,
C9_357,5:35,0.21,0.108,-0.09,-0.07,CA_N,14,0,1:14,0,0,0,0.04,M1,15,0,5.4917e-20,,0,
Cg9_358,5:35,0.21,0.108,-0.09,-0.07,CA_N,14,0,0,-9999.99,-9999.99,-0.1,-0.09,GND,2,0,5.14383e-19,,0,
C9_359,5:31,0.21,0.04,-0.07,-0.03,CA_LONG,729,0,3:13,0.132,0.199,0,0.04,M1,15,0,2.12315e-20,,0,
C9_360,5:31,0.21,0.04,-0.07,-0.03,CA_LONG,729,0,3:66,0.18,0.027,-0.09,-0.05,LVTNGATE,17,0,1.25556e-18,,0,
C9_361,5:31,0.21,0.04,-0.07,-0.03,CA_LONG,729,0,1:14,0,0,0,0.04,M1,15,0,7.10368e-20,,0,
C9_362,5:31,0.21,0.04,-0.07,-0.03,CA_LONG,729,0,3:67,0.18,0.108,-0.09,-0.05,LVTNGATE,17,0,1.25556e-18,,0,
C9_363,5:31,0.21,0.04,-0.07,-0.03,CA_LONG,729,0,2:15,0,0.254,0,0.04,M1,15,0,4.87897e-21,,0,
C9_364,5:31,0.21,0.04,-0.07,-0.03,CA_LONG,729,0,11:F50,0.18,0.1865,-0.1,-0.09,SUBSTRATE,2,0,3.67793e-20,,0,
C9_365,5:31,0.21,0.04,-0.07,-0.03,CA_LONG,729,0,1:F49,0.1725,0.0675,-0.1,-0.09,RX,2,0,9.89385e-21,,0,
C9_366,5:31,0.21,0.04,-0.07,-0.03,CA_LONG,729,0,3:27,0.09,0.04,-0.07,-0.03,CA_LONG,729,0,4.65075e-23,,0,
C9_367,5:31,0.21,0.04,-0.07,-0.03,CA_LONG,729,0,1:28,0.15,-0.002,-0.07,-0.03,CA_LONG,729,0,7.28077e-19,,0,
C9_368,5:31,0.21,0.04,-0.07,-0.03,CA_LONG,729,0,12:F16,0.12,0.1905,-0.1,-0.09,SUBSTRATE,2,0,6.13783e-19,,0,
Cg9_369,5:31,0.21,0.04,-0.07,-0.03,CA_LONG,729,0,0,-9999.99,-9999.99,-0.1,-0.09,GND,2,0,3.37276e-19,,0,
C9_370,5:23,0.21,0.045,-0.03,0,VA,685,1,12:F16,0.12,0.1905,-0.1,-0.09,SUBSTRATE,2,0,7.03534e-19,,0,
C9_371,5:23,0.21,0.045,-0.03,0,VA,685,1,1:28,0.15,-0.002,-0.07,-0.03,CA_LONG,729,0,8.30037e-20,,0,
C9_372,5:23,0.21,0.045,-0.03,0,VA,685,1,3:27,0.09,0.04,-0.07,-0.03,CA_LONG,729,0,3.60624e-20,,0,
C9_373,5:23,0.21,0.045,-0.03,0,VA,685,1,11:F50,0.18,0.1865,-0.1,-0.09,SUBSTRATE,2,0,4.18772e-20,,0,
C9_374,5:23,0.21,0.045,-0.03,0,VA,685,1,3:19,0.09,0.045,-0.03,0,VA,685,1,3.58568e-20,,0,
C9_375,5:23,0.21,0.045,-0.03,0,VA,685,1,2:15,0,0.254,0,0.04,M1,15,0,3.38965e-20,,0,
C9_376,5:23,0.21,0.045,-0.03,0,VA,685,1,1:14,0,0,0,0.04,M1,15,0,7.85476e-19,,0,
C9_377,5:23,0.21,0.045,-0.03,0,VA,685,1,3:13,0.132,0.199,0,0.04,M1,15,0,7.77143e-20,,0,
C9_378,5:23,0.21,0.045,-0.03,0,VA,685,1,3:10,0.012,0.055,0,0.04,M1,15,0,3.495e-20,,0,
Cg9_379,5:23,0.21,0.045,-0.03,0,VA,685,1,0,-9999.99,-9999.99,-0.1,-0.09,GND,2,0,9.2819e-20,,0,
C9_380,5:12,0.132,0.055,0,0.04,M1,15,0,3:55,0.172,0.199,-0.05,-0.03,CB,245,0,1.76314e-20,,0,
C9_381,5:12,0.132,0.055,0,0.04,M1,15,0,1:4,0,0,0.1,0.15,M2,17,0,7.46264e-19,,0,
C9_382,5:12,0.132,0.055,0,0.04,M1,15,0,3:7,0.012,0.055,0.1,0.15,M2,17,0,1.17433e-19,,0,
C9_383,5:12,0.132,0.055,0,0.04,M1,15,0,3:9,0.132,0.199,0.1,0.15,M2,17,0,4.09829e-19,,0,
C9_384,5:12,0.132,0.055,0,0.04,M1,15,0,3:10,0.012,0.055,0,0.04,M1,15,0,1.48745e-18,,0,
C9_385,5:12,0.132,0.055,0,0.04,M1,15,0,3:66,0.18,0.027,-0.09,-0.05,LVTNGATE,17,0,5.26386e-20,,0,
C9_386,5:12,0.132,0.055,0,0.04,M1,15,0,3:13,0.132,0.199,0,0.04,M1,15,0,8.47159e-19,,0,
C9_387,5:12,0.132,0.055,0,0.04,M1,15,0,3:67,0.18,0.108,-0.09,-0.05,LVTNGATE,17,0,5.26386e-20,,0,
C9_388,5:12,0.132,0.055,0,0.04,M1,15,0,1:14,0,0,0,0.04,M1,15,0,7.95179e-18,,0,
C9_389,5:12,0.132,0.055,0,0.04,M1,15,0,2:15,0,0.254,0,0.04,M1,15,0,4.65673e-20,,0,
C9_390,5:12,0.132,0.055,0,0.04,M1,15,0,2:F53,0.1725,0.1865,-0.1,-0.09,RX,2,0,1.85971e-19,,0,
C9_391,5:12,0.132,0.055,0,0.04,M1,15,0,11:F50,0.18,0.1865,-0.1,-0.09,SUBSTRATE,2,0,8.30055e-20,,0,
C9_392,5:12,0.132,0.055,0,0.04,M1,15,0,3:19,0.09,0.045,-0.03,0,VA,685,1,5.80678e-19,,0,
C9_393,5:12,0.132,0.055,0,0.04,M1,15,0,1:F49,0.1725,0.0675,-0.1,-0.09,RX,2,0,8.64812e-19,,0,
C9_394,5:12,0.132,0.055,0,0.04,M1,15,0,1:20,0.15,0.003,-0.03,0,VA,685,1,8.45523e-19,,0,
C9_395,5:12,0.132,0.055,0,0.04,M1,15,0,2:21,0.15,0.225,-0.03,0,VA,685,1,2.80212e-20,,0,
C9_396,5:12,0.132,0.055,0,0.04,M1,15,0,3:22,0.173,0.199,-0.03,0,VA,685,1,5.42483e-20,,0,
C9_397,5:12,0.132,0.055,0,0.04,M1,15,0,3:27,0.09,0.04,-0.07,-0.03,CA_LONG,729,0,1.55909e-20,,0,
C9_398,5:12,0.132,0.055,0,0.04,M1,15,0,1:28,0.15,-0.002,-0.07,-0.03,CA_LONG,729,0,1.08333e-18,,0,
C9_399,5:12,0.132,0.055,0,0.04,M1,15,0,2:29,0.15,0.254,-0.07,-0.03,CA_LONG,729,0,1.95758e-21,,0,
C9_400,5:12,0.132,0.055,0,0.04,M1,15,0,3:33,0.09,0.108,-0.09,-0.07,CA_N,14,0,8.89318e-21,,0,
C9_401,5:12,0.132,0.055,0,0.04,M1,15,0,1:34,0.15,0.027,-0.09,-0.07,CA_N_STI,14,0,5.39922e-20,,0,
C9_402,5:12,0.132,0.055,0,0.04,M1,15,0,12:F16,0.12,0.1905,-0.1,-0.09,SUBSTRATE,2,0,6.68174e-19,,0,
Cg9_403,5:12,0.132,0.055,0,0.04,M1,15,0,0,-9999.99,-9999.99,-0.1,-0.09,GND,2,0,7.62178e-20,,0,
C9_404,5:8,0.132,0.055,0.1,0.15,M2,17,0,3:1,0.12,0.019,0.3,0.36,F4,177,0,3.86596e-20,,0,
C9_405,5:8,0.132,0.055,0.1,0.15,M2,17,0,3:2,0.012,0.055,0.21,0.25,M3,19,0,3.88321e-18,,0,
C9_406,5:8,0.132,0.055,0.1,0.15,M2,17,0,3:3,0.08,0.199,0.21,0.25,M3,19,0,1.15538e-18,,0,
C9_407,5:8,0.132,0.055,0.1,0.15,M2,17,0,1:4,0,0,0.1,0.15,M2,17,0,1.28207e-17,,0,
C9_408,5:8,0.132,0.055,0.1,0.15,M2,17,0,2:6,0,0.254,0.1,0.15,M2,17,0,3.78899e-22,,0,
C9_409,5:8,0.132,0.055,0.1,0.15,M2,17,0,3:7,0.012,0.055,0.1,0.15,M2,17,0,2.07193e-18,,0,
C9_410,5:8,0.132,0.055,0.1,0.15,M2,17,0,3:9,0.132,0.199,0.1,0.15,M2,17,0,1.0449e-18,,0,
C9_411,5:8,0.132,0.055,0.1,0.15,M2,17,0,3:10,0.012,0.055,0,0.04,M1,15,0,1.92767e-19,,0,
C9_412,5:8,0.132,0.055,0.1,0.15,M2,17,0,3:13,0.132,0.199,0,0.04,M1,15,0,4.84556e-19,,0,
C9_413,5:8,0.132,0.055,0.1,0.15,M2,17,0,1:14,0,0,0,0.04,M1,15,0,9.03749e-19,,0,
C9_414,5:8,0.132,0.055,0.1,0.15,M2,17,0,11:F50,0.18,0.1865,-0.1,-0.09,SUBSTRATE,2,0,1.53512e-19,,0,
C9_415,5:8,0.132,0.055,0.1,0.15,M2,17,0,3:33,0.09,0.108,-0.09,-0.07,CA_N,14,0,8.78204e-21,,0,
C9_416,5:8,0.132,0.055,0.1,0.15,M2,17,0,12:F16,0.12,0.1905,-0.1,-0.09,SUBSTRATE,2,0,6.43778e-19,,0,
Cg9_417,5:8,0.132,0.055,0.1,0.15,M2,17,0,0,-9999.99,-9999.99,-0.1,-0.09,GND,2,0,7.40703e-20,,0,
